start_time,end_time,kind,buffer_s,hard_exclude,note
2025-07-19 08:37:34,2025-07-19 08:45:24,personnel,15,True,Multiple people walking and talking.
2025-07-19 09:37:32,2025-07-19 09:58:05,pipe_burst_flow,60,True,Burst inlet pipe and strong water-flow noise.
2025-07-19 10:00:00,2025-07-19 10:14:00,personnel,15,True,Personnel repairing pipe.
2025-07-19 15:59:55,2025-07-19 16:03:52,mixed_personnel_pumping,30,True,Personnel activity and pumping.
2025-07-19 16:34:37,2025-07-19 16:34:48,personnel,15,True,Personnel talking.
2025-07-19 16:59:38,2025-07-19 17:00:02,personnel,15,True,Personnel activity.
2025-07-19 17:18:08,2025-07-19 17:18:58,personnel,15,True,Personnel walking/activity.
2025-07-19 17:59:24,2025-07-19 18:04:12,mixed_personnel_pumping,30,True,Personnel activity and pumping.
2025-07-19 18:30:14,2025-07-19 18:31:45,personnel,15,True,Personnel walking and talking.
2025-07-19 18:49:59,2025-07-19 18:50:21,personnel,15,True,Personnel talking.
2025-07-19 18:59:55,2025-07-19 19:00:25,personnel,15,True,Personnel walking and talking.
2025-07-19 19:01:13,2025-07-19 19:02:33,personnel,15,True,Personnel adjustment activity.
2025-07-19 19:03:47,2025-07-19 19:07:45,mixed_personnel_scanner_pumping,30,True,"Personnel, scanner equipment and pumping."
2025-07-19 19:12:51,2025-07-19 19:14:06,personnel,15,True,Personnel activity.
2025-07-19 19:59:55,2025-07-19 20:04:04,mixed_personnel_pumping,30,True,Personnel walking and pumping.
