data_channel,layout_channel,segment_id,geometry_type,burial_depth_cm,x_cm,y_cm,z_cm,analysis_role,slope_or_leadin
79,3079,ring01,ring,80,150.0,121.6,20.0,target,slope
80,3080,ring01,ring,80,150.0,121.6,20.0,target,slope
81,3081,ring01,ring,80,150.0,121.6,20.0,target,slope
82,3082,ring01andring02,line,80,150.0,114.4,20.0,target,slope
83,3083,ring01andring02,line,80,150.0,94.4,20.0,target,slope
84,3084,ring02,ring,80,150.0,87.2,20.0,target,slope
85,3085,ring02,ring,80,150.0,87.2,20.0,target,slope
86,3086,ring02,ring,80,150.0,87.2,20.0,target,slope
87,3087,ring02andring03,line,80,150.0,80.0,20.0,target,slope
88,3088,ring02andring03,line,80,150.0,60.0,20.0,target,slope
89,3089,ring03,ring,80,150.0,52.8,20.0,target,slope
90,3090,ring03,ring,80,150.0,52.8,20.0,target,slope
91,3091,ring03,ring,80,150.0,52.8,20.0,target,slope
92,3092,ring03andring04,line,80,150.0,45.6,20.0,target,slope
93,3093,ring03andring04,line,80,150.0,25.6,20.0,target,slope
94,3094,ring04,ring,80,150.0,18.4,20.0,target,slope
95,3095,ring04,ring,80,150.0,18.4,20.0,target,slope
96,3096,ring04,ring,80,150.0,18.4,20.0,target,slope
97,3097,ring04andring05,line,80,,,,control,connection
98,3098,ring04andring05,line,80,,,,control,connection
99,3099,ring05,ring,80,120.0,18.4,20.0,target,slope
100,3100,ring05,ring,80,120.0,18.4,20.0,target,slope
101,3101,ring05,ring,80,120.0,18.4,20.0,target,slope
102,3102,ring05andring06,line,80,120.0,25.6,20.0,target,slope
103,3103,ring05andring06,line,80,120.0,45.6,20.0,target,slope
104,3104,ring06,ring,80,120.0,52.8,20.0,target,slope
105,3105,ring06,ring,80,120.0,52.8,20.0,target,slope
106,3106,ring06,ring,80,120.0,52.8,20.0,target,slope
107,3107,ring06andring07,line,80,120.0,60.0,20.0,target,slope
108,3108,ring06andring07,line,80,120.0,80.0,20.0,target,slope
109,3109,ring07,ring,80,120.0,87.2,20.0,target,slope
110,3110,ring07,ring,80,120.0,87.2,20.0,target,slope
111,3111,ring07,ring,80,120.0,87.2,20.0,target,slope
112,3112,ring07andring08,line,80,120.0,94.4,20.0,target,slope
113,3113,ring07andring08,line,80,120.0,114.4,20.0,target,slope
114,3114,ring08,ring,80,120.0,121.6,20.0,target,slope
115,3115,ring08,ring,80,120.0,121.6,20.0,target,slope
116,3116,ring08,ring,80,120.0,121.6,20.0,target,slope
117,3117,ring08andring09,line,80,,,,control,connection
118,3118,ring08andring09,line,80,,,,control,connection
119,3119,ring09,ring,80,90.0,121.6,20.0,target,slope
120,3120,ring09,ring,80,90.0,121.6,20.0,target,slope
121,3121,ring09,ring,80,90.0,121.6,20.0,target,slope
122,3122,ring09andring10,line,80,90.0,114.4,20.0,target,slope
123,3123,ring09andring10,line,80,90.0,94.4,20.0,target,slope
124,3124,ring10,ring,80,90.0,87.2,20.0,target,slope
125,3125,ring10,ring,80,90.0,87.2,20.0,target,slope
126,3126,ring10,ring,80,90.0,87.2,20.0,target,slope
127,3127,ring10andring11,line,80,90.0,80.0,20.0,target,slope
128,3128,ring10andring11,line,80,90.0,60.0,20.0,target,slope
129,3129,ring11,ring,80,90.0,52.8,20.0,target,slope
130,3130,ring11,ring,80,90.0,52.8,20.0,target,slope
131,3131,ring11,ring,80,90.0,52.8,20.0,target,slope
132,3132,ring11andring12,line,80,90.0,45.6,20.0,target,slope
133,3133,ring11andring12,line,80,90.0,25.6,20.0,target,slope
134,3134,ring12,ring,80,90.0,18.4,20.0,target,slope
135,3135,ring12,ring,80,90.0,18.4,20.0,target,slope
136,3136,ring12,ring,80,90.0,18.4,20.0,target,slope
137,3137,ring12andring13,line,80,,,,control,connection
138,3138,ring12andring13,line,80,,,,control,connection
139,3139,ring13,ring,80,60.0,18.4,20.0,target,slope
140,3140,ring13,ring,80,60.0,18.4,20.0,target,slope
141,3141,ring13,ring,80,60.0,18.4,20.0,target,slope
142,3142,ring13andring14,line,80,60.0,25.6,20.0,target,slope
143,3143,ring13andring14,line,80,60.0,45.6,20.0,target,slope
144,3144,ring14,ring,80,60.0,52.8,20.0,target,slope
145,3145,ring14,ring,80,60.0,52.8,20.0,target,slope
146,3146,ring14,ring,80,60.0,52.8,20.0,target,slope
147,3147,ring14andring15,line,80,60.0,60.0,20.0,target,slope
148,3148,ring14andring15,line,80,60.0,80.0,20.0,target,slope
149,3149,ring15,ring,80,60.0,87.2,20.0,target,slope
150,3150,ring15,ring,80,60.0,87.2,20.0,target,slope
151,3151,ring15,ring,80,60.0,87.2,20.0,target,slope
152,3152,ring15andring16,line,80,60.0,94.4,20.0,target,slope
153,3153,ring15andring16,line,80,60.0,114.4,20.0,target,slope
154,3154,ring16,ring,80,60.0,121.6,20.0,target,slope
155,3155,ring16,ring,80,60.0,121.6,20.0,target,slope
156,3156,ring16,ring,80,60.0,121.6,20.0,target,slope
157,3157,ring16andring17,line,80,,,,control,connection
158,3158,ring16andring17,line,80,,,,control,connection
159,3159,ring17,ring,80,30.0,121.6,20.0,target,slope
160,3160,ring17,ring,80,30.0,121.6,20.0,target,slope
161,3161,ring17,ring,80,30.0,121.6,20.0,target,slope
162,3162,ring17andring18,line,80,30.0,114.4,20.0,target,slope
163,3163,ring17andring18,line,80,30.0,94.4,20.0,target,slope
164,3164,ring18,ring,80,30.0,87.2,20.0,target,slope
165,3165,ring18,ring,80,30.0,87.2,20.0,target,slope
166,3166,ring18,ring,80,30.0,87.2,20.0,target,slope
167,3167,ring18andring19,line,80,30.0,80.0,20.0,target,slope
168,3168,ring18andring19,line,80,30.0,60.0,20.0,target,slope
169,3169,ring19,ring,80,30.0,52.8,20.0,target,slope
170,3170,ring19,ring,80,30.0,52.8,20.0,target,slope
171,3171,ring19,ring,80,30.0,52.8,20.0,target,slope
172,3172,ring19andring20,line,80,30.0,45.6,20.0,target,slope
173,3173,ring19andring20,line,80,30.0,25.6,20.0,target,slope
174,3174,ring20,ring,80,30.0,18.4,20.0,target,slope
175,3175,ring20,ring,80,30.0,18.4,20.0,target,slope
176,3176,ring20,ring,80,30.0,18.4,20.0,target,slope
180,3180,ring21,ring,50,120.0,18.4,50.0,target,slope
181,3181,ring21,ring,50,120.0,18.4,50.0,target,slope
182,3182,ring21,ring,50,120.0,18.4,50.0,target,slope
183,3183,ring21andring22,line,50,120.0,25.6,50.0,target,slope
184,3184,ring21andring22,line,50,120.0,45.6,50.0,target,slope
185,3185,ring22,ring,50,120.0,52.8,50.0,target,slope
186,3186,ring22,ring,50,120.0,52.8,50.0,target,slope
187,3187,ring22,ring,50,120.0,52.8,50.0,target,slope
188,3188,ring22andring23,line,50,120.0,60.0,50.0,target,slope
189,3189,ring22andring23,line,50,120.0,80.0,50.0,target,slope
190,3190,ring23,ring,50,120.0,87.2,50.0,target,slope
191,3191,ring23,ring,50,120.0,87.2,50.0,target,slope
192,3192,ring23,ring,50,120.0,87.2,50.0,target,slope
193,3193,ring23andring24,line,50,120.0,94.4,50.0,target,slope
194,3194,ring23andring24,line,50,120.0,114.4,50.0,target,slope
195,3195,ring24,ring,50,120.0,121.6,50.0,target,slope
196,3196,ring24,ring,50,120.0,121.6,50.0,target,slope
197,3197,ring24,ring,50,120.0,121.6,50.0,target,slope
198,3198,ring24andring25,line,50,,,,control,connection
199,3199,ring24andring25,line,50,,,,control,connection
200,3200,ring25,ring,50,90.0,121.6,50.0,target,slope
201,3201,ring25,ring,50,90.0,121.6,50.0,target,slope
202,3202,ring25,ring,50,90.0,121.6,50.0,target,slope
203,3203,ring25andring26,line,50,90.0,114.4,50.0,target,slope
204,3204,ring25andring26,line,50,90.0,94.4,50.0,target,slope
205,3205,ring26,ring,50,90.0,87.2,50.0,target,slope
206,3206,ring26,ring,50,90.0,87.2,50.0,target,slope
207,3207,ring26,ring,50,90.0,87.2,50.0,target,slope
208,3208,ring26andring27,line,50,90.0,80.0,50.0,target,slope
209,3209,ring26andring27,line,50,90.0,60.0,50.0,target,slope
210,3210,ring27,ring,50,90.0,52.8,50.0,target,slope
211,3211,ring27,ring,50,90.0,52.8,50.0,target,slope
212,3212,ring27,ring,50,90.0,52.8,50.0,target,slope
213,3213,ring27andring28,line,50,90.0,45.6,50.0,target,slope
214,3214,ring27andring28,line,50,90.0,25.6,50.0,target,slope
215,3215,ring28,ring,50,90.0,18.4,50.0,target,slope
216,3216,ring28,ring,50,90.0,18.4,50.0,target,slope
217,3217,ring28,ring,50,90.0,18.4,50.0,target,slope
218,3218,ring28andring29,line,50,,,,control,connection
219,3219,ring28andring29,line,50,,,,control,connection
220,3220,ring29,ring,50,60.0,18.4,50.0,target,slope
221,3221,ring29,ring,50,60.0,18.4,50.0,target,slope
222,3222,ring29,ring,50,60.0,18.4,50.0,target,slope
223,3223,ring29andring30,line,50,60.0,25.6,50.0,target,slope
224,3224,ring29andring30,line,50,60.0,45.6,50.0,target,slope
225,3225,ring30,ring,50,60.0,52.8,50.0,target,slope
226,3226,ring30,ring,50,60.0,52.8,50.0,target,slope
227,3227,ring30,ring,50,60.0,52.8,50.0,target,slope
228,3228,ring30andring31,line,50,60.0,60.0,50.0,target,slope
229,3229,ring30andring31,line,50,60.0,80.0,50.0,target,slope
230,3230,ring31,ring,50,60.0,87.2,50.0,target,slope
231,3231,ring31,ring,50,60.0,87.2,50.0,target,slope
232,3232,ring31,ring,50,60.0,87.2,50.0,target,slope
233,3233,ring31andring32,line,50,60.0,94.4,50.0,target,slope
234,3234,ring31andring32,line,50,60.0,114.4,50.0,target,slope
235,3235,ring32,ring,50,60.0,121.6,50.0,target,slope
236,3236,ring32,ring,50,60.0,121.6,50.0,target,slope
237,3237,ring32,ring,50,60.0,121.6,50.0,target,slope
238,3238,ring32andring33,line,50,,,,control,connection
239,3239,ring32andring33,line,50,,,,control,connection
240,3240,ring33,ring,50,30.0,121.6,50.0,target,slope
241,3241,ring33,ring,50,30.0,121.6,50.0,target,slope
242,3242,ring33,ring,50,30.0,121.6,50.0,target,slope
243,3243,ring33andring34,line,50,30.0,114.4,50.0,target,slope
244,3244,ring33andring34,line,50,30.0,94.4,50.0,target,slope
245,3245,ring34,ring,50,30.0,87.2,50.0,target,slope
246,3246,ring34,ring,50,30.0,87.2,50.0,target,slope
247,3247,ring34,ring,50,30.0,87.2,50.0,target,slope
248,3248,ring34andring35,line,50,30.0,80.0,50.0,target,slope
249,3249,ring34andring35,line,50,30.0,60.0,50.0,target,slope
250,3250,ring35,ring,50,30.0,52.8,50.0,target,slope
251,3251,ring35,ring,50,30.0,52.8,50.0,target,slope
252,3252,ring35,ring,50,30.0,52.8,50.0,target,slope
253,3253,ring35andring36,line,50,30.0,45.6,50.0,target,slope
254,3254,ring35andring36,line,50,30.0,25.6,50.0,target,slope
255,3255,ring36,ring,50,30.0,18.4,50.0,target,slope
256,3256,ring36,ring,50,30.0,18.4,50.0,target,slope
257,3257,ring36,ring,50,30.0,18.4,50.0,target,slope
262,3262,ring37,ring,20,90.0,18.4,80.0,target,slope
263,3263,ring37,ring,20,90.0,18.4,80.0,target,slope
264,3264,ring37,ring,20,90.0,18.4,80.0,target,slope
265,3265,ring37andring38,line,20,90.0,25.6,80.0,target,slope
266,3266,ring37andring38,line,20,90.0,45.6,80.0,target,slope
267,3267,ring38,ring,20,90.0,52.8,80.0,target,slope
268,3268,ring38,ring,20,90.0,52.8,80.0,target,slope
269,3269,ring38,ring,20,90.0,52.8,80.0,target,slope
270,3270,ring38andring39,line,20,90.0,60.0,80.0,target,slope
271,3271,ring38andring39,line,20,90.0,80.0,80.0,target,slope
272,3272,ring39,ring,20,90.0,87.2,80.0,target,slope
273,3273,ring39,ring,20,90.0,87.2,80.0,target,slope
274,3274,ring39,ring,20,90.0,87.2,80.0,target,slope
275,3275,ring39andring40,line,20,90.0,94.4,80.0,target,slope
276,3276,ring39andring40,line,20,90.0,114.4,80.0,target,slope
277,3277,ring40,ring,20,90.0,121.6,80.0,target,slope
278,3278,ring40,ring,20,90.0,121.6,80.0,target,slope
279,3279,ring40,ring,20,90.0,121.6,80.0,target,slope
280,3280,ring40andring41,line,20,,,,control,connection
281,3281,ring40andring41,line,20,,,,control,connection
282,3282,ring41,ring,20,60.0,121.6,80.0,target,slope
283,3283,ring41,ring,20,60.0,121.6,80.0,target,slope
284,3284,ring41,ring,20,60.0,121.6,80.0,target,slope
285,3285,ring41andring42,line,20,60.0,114.4,80.0,target,slope
286,3286,ring41andring42,line,20,60.0,94.4,80.0,target,slope
287,3287,ring42,ring,20,60.0,87.2,80.0,target,slope
288,3288,ring42,ring,20,60.0,87.2,80.0,target,slope
289,3289,ring42,ring,20,60.0,87.2,80.0,target,slope
290,3290,ring42andring43,line,20,60.0,80.0,80.0,target,slope
291,3291,ring42andring43,line,20,60.0,60.0,80.0,target,slope
292,3292,ring43,ring,20,60.0,52.8,80.0,target,slope
293,3293,ring43,ring,20,60.0,52.8,80.0,target,slope
294,3294,ring43,ring,20,60.0,52.8,80.0,target,slope
295,3295,ring43andring44,line,20,60.0,45.6,80.0,target,slope
296,3296,ring43andring44,line,20,60.0,25.6,80.0,target,slope
297,3297,ring44,ring,20,60.0,18.4,80.0,target,slope
298,3298,ring44,ring,20,60.0,18.4,80.0,target,slope
299,3299,ring44,ring,20,60.0,18.4,80.0,target,slope
300,3300,ring44andring45,line,20,,,,control,connection
301,3301,ring44andring45,line,20,,,,control,connection
302,3302,ring45,ring,20,30.0,18.4,80.0,target,slope
303,3303,ring45,ring,20,30.0,18.4,80.0,target,slope
304,3304,ring45,ring,20,30.0,18.4,80.0,target,slope
305,3305,ring45andring46,line,20,30.0,25.6,80.0,target,slope
306,3306,ring45andring46,line,20,30.0,45.6,80.0,target,slope
307,3307,ring46,ring,20,30.0,52.8,80.0,target,slope
308,3308,ring46,ring,20,30.0,52.8,80.0,target,slope
309,3309,ring46,ring,20,30.0,52.8,80.0,target,slope
310,3310,ring46andring47,line,20,30.0,60.0,80.0,target,slope
311,3311,ring46andring47,line,20,30.0,80.0,80.0,target,slope
312,3312,ring47,ring,20,30.0,87.2,80.0,target,slope
313,3313,ring47,ring,20,30.0,87.2,80.0,target,slope
314,3314,ring47,ring,20,30.0,87.2,80.0,target,slope
315,3315,ring47andring48,line,20,30.0,94.4,80.0,target,slope
316,3316,ring47andring48,line,20,30.0,114.4,80.0,target,slope
317,3317,ring48,ring,20,30.0,121.6,80.0,target,slope
318,3318,ring48,ring,20,30.0,121.6,80.0,target,slope
319,3319,ring48,ring,20,30.0,121.6,80.0,target,slope
332,3332,andring49,line,2,20.0,100.0,98.0,target,slope
333,3333,andring49,line,2,20.0,80.0,98.0,target,slope
334,3334,andring49,line,2,20.0,60.0,98.0,target,slope
335,3335,andring49,line,2,20.0,40.0,98.0,target,slope
336,3336,andring49,line,2,20.0,20.0,98.0,target,slope
337,3337,ring49,ring,2,20.0,20.0,98.0,target,slope
338,3338,ring49,ring,2,20.0,20.0,98.0,target,slope
339,3339,ring49,ring,2,20.0,20.0,98.0,target,slope
340,3340,ring49,ring,2,20.0,20.0,98.0,target,slope
341,3341,ring49,ring,2,20.0,20.0,98.0,target,slope
342,3342,ring49,ring,2,20.0,20.0,98.0,target,slope
343,3343,ring49,ring,2,20.0,20.0,98.0,target,slope
344,3344,ring49,ring,2,20.0,20.0,98.0,target,slope
345,3345,ring49,ring,2,20.0,20.0,98.0,target,slope
346,3346,ring49,ring,2,20.0,20.0,98.0,target,slope
347,3347,ring49,ring,2,20.0,20.0,98.0,target,slope
348,3348,ring49andring50,line,2,40.0,20.0,98.0,target,slope
349,3349,ring49andring50,line,2,40.0,40.0,98.0,target,slope
350,3350,ring49andring50,line,2,40.0,60.0,98.0,target,slope
351,3351,ring49andring50,line,2,40.0,80.0,98.0,target,slope
352,3352,ring49andring50,line,2,40.0,100.0,98.0,target,slope
353,3353,ring50,ring,2,40.0,120.0,98.0,target,slope
354,3354,ring50,ring,2,40.0,120.0,98.0,target,slope
355,3355,ring50,ring,2,40.0,120.0,98.0,target,slope
356,3356,ring50,ring,2,40.0,120.0,98.0,target,slope
357,3357,ring50,ring,2,40.0,120.0,98.0,target,slope
358,3358,ring50,ring,2,40.0,120.0,98.0,target,slope
359,3359,ring50,ring,2,40.0,120.0,98.0,target,slope
360,3360,ring50,ring,2,40.0,120.0,98.0,target,slope
361,3361,ring50,ring,2,40.0,120.0,98.0,target,slope
362,3362,ring50,ring,2,40.0,120.0,98.0,target,slope
363,3363,ring50,ring,2,40.0,120.0,98.0,target,slope
364,3364,ring50andring51,line,2,60.0,120.0,98.0,target,slope
365,3365,ring50andring51,line,2,60.0,100.0,98.0,target,slope
366,3366,ring50andring51,line,2,60.0,80.0,98.0,target,slope
367,3367,ring50andring51,line,2,60.0,60.0,98.0,target,slope
368,3368,ring50andring51,line,2,60.0,40.0,98.0,target,slope
369,3369,ring51,ring,2,60.0,20.0,98.0,target,slope
370,3370,ring51,ring,2,60.0,20.0,98.0,target,slope
371,3371,ring51,ring,2,60.0,20.0,98.0,target,slope
372,3372,ring51,ring,2,60.0,20.0,98.0,target,slope
373,3373,ring51,ring,2,60.0,20.0,98.0,target,slope
374,3374,ring51,ring,2,60.0,20.0,98.0,target,slope
375,3375,ring51,ring,2,60.0,20.0,98.0,target,slope
376,3376,ring51,ring,2,60.0,20.0,98.0,target,slope
377,3377,ring51,ring,2,60.0,20.0,98.0,target,slope
378,3378,ring51,ring,2,60.0,20.0,98.0,target,slope
379,3379,ring51,ring,2,60.0,20.0,98.0,target,slope
380,3380,ring51andring52,line,2,80.0,20.0,98.0,target,slope
381,3381,ring51andring52,line,2,80.0,40.0,98.0,target,slope
382,3382,ring51andring52,line,2,80.0,60.0,98.0,target,slope
383,3383,ring51andring52,line,2,80.0,80.0,98.0,target,slope
384,3384,ring51andring52,line,2,80.0,100.0,98.0,target,slope
385,3385,ring52,ring,2,80.0,120.0,98.0,target,slope
386,3386,ring52,ring,2,80.0,120.0,98.0,target,slope
387,3387,ring52,ring,2,80.0,120.0,98.0,target,slope
388,3388,ring52,ring,2,80.0,120.0,98.0,target,slope
389,3389,ring52,ring,2,80.0,120.0,98.0,target,slope
390,3390,ring52,ring,2,80.0,120.0,98.0,target,slope
391,3391,ring52,ring,2,80.0,120.0,98.0,target,slope
392,3392,ring52,ring,2,80.0,120.0,98.0,target,slope
393,3393,ring52,ring,2,80.0,120.0,98.0,target,slope
394,3394,ring52,ring,2,80.0,120.0,98.0,target,slope
395,3395,ring52,ring,2,80.0,120.0,98.0,target,slope
396,3396,ring52andring53,line,2,89.0,120.0,98.0,target,slope
397,3397,ring52andring53,line,2,89.0,100.0,98.0,target,slope
398,3398,ring52andring53,line,2,88.0,80.0,98.0,target,slope
399,3399,ring52andring53,line,2,87.0,60.0,98.0,target,slope
400,3400,ring52andring53,line,2,86.0,40.0,98.0,target,slope
401,3401,ring53,ring,2,85.0,20.0,98.0,target,slope
402,3402,ring53,ring,2,85.0,20.0,98.0,target,slope
403,3403,ring53,ring,2,85.0,20.0,98.0,target,slope
404,3404,ring53,ring,2,85.0,20.0,98.0,target,slope
405,3405,ring53,ring,2,85.0,20.0,98.0,target,slope
406,3406,ring53,ring,2,85.0,20.0,98.0,target,slope
407,3407,ring53,ring,2,85.0,20.0,98.0,target,slope
408,3408,ring53,ring,2,85.0,20.0,98.0,target,slope
409,3409,ring53,ring,2,85.0,20.0,98.0,target,slope
410,3410,ring53,ring,2,85.0,20.0,98.0,target,slope
411,3411,ring53,ring,2,85.0,20.0,98.0,target,slope
412,3412,ring53andring54,line,2,95.0,20.0,98.0,target,slope
413,3413,ring53andring54,line,2,95.0,40.0,98.0,target,slope
414,3414,ring53andring54,line,2,95.0,60.0,98.0,target,slope
415,3415,ring53andring54,line,2,95.0,80.0,98.0,target,slope
416,3416,ring53andring54,line,2,95.0,100.0,98.0,target,slope
417,3417,ring54,ring,2,112.0,120.0,84.0,target,slope
418,3418,ring54,ring,2,112.0,120.0,84.0,target,slope
419,3419,ring54,ring,2,112.0,120.0,84.0,target,slope
420,3420,ring54,ring,2,112.0,120.0,84.0,target,slope
421,3421,ring54,ring,2,112.0,120.0,84.0,target,slope
422,3422,ring54,ring,2,112.0,120.0,84.0,target,slope
423,3423,ring54,ring,2,112.0,120.0,84.0,target,slope
424,3424,ring54,ring,2,112.0,120.0,84.0,target,slope
425,3425,ring54,ring,2,112.0,120.0,84.0,target,slope
426,3426,ring54,ring,2,112.0,120.0,84.0,target,slope
427,3427,ring54,ring,2,112.0,120.0,84.0,target,slope
428,3428,ring54andring55,line,2,123.0,120.0,84.0,target,slope
429,3429,ring54andring55,line,2,123.0,100.0,74.0,target,slope
430,3430,ring54andring55,line,2,123.0,80.0,74.0,target,slope
431,3431,ring54andring55,line,2,123.0,60.0,74.0,target,slope
432,3432,ring54andring55,line,2,123.0,40.0,74.0,target,slope
433,3433,ring55,ring,2,124.0,20.0,66.0,target,slope
434,3434,ring55,ring,2,124.0,20.0,66.0,target,slope
435,3435,ring55,ring,2,124.0,20.0,66.0,target,slope
436,3436,ring55,ring,2,124.0,20.0,66.0,target,slope
437,3437,ring55,ring,2,124.0,20.0,66.0,target,slope
438,3438,ring55,ring,2,124.0,20.0,66.0,target,slope
439,3439,ring55,ring,2,124.0,20.0,66.0,target,slope
440,3440,ring55,ring,2,124.0,20.0,66.0,target,slope
441,3441,ring55,ring,2,124.0,20.0,66.0,target,slope
442,3442,ring55,ring,2,124.0,20.0,66.0,target,slope
443,3443,ring55,ring,2,124.0,20.0,66.0,target,slope
444,3444,ring55andring56,line,2,135.0,20.0,66.0,target,slope
445,3445,ring55andring56,line,2,135.0,40.0,58.0,target,slope
446,3446,ring55andring56,line,2,135.0,60.0,58.0,target,slope
447,3447,ring55andring56,line,2,135.0,80.0,58.0,target,slope
448,3448,ring55andring56,line,2,135.0,100.0,58.0,target,slope
449,3449,ring56,ring,2,136.0,120.0,50.0,target,slope
450,3450,ring56,ring,2,136.0,120.0,50.0,target,slope
451,3451,ring56,ring,2,136.0,120.0,50.0,target,slope
452,3452,ring56,ring,2,136.0,120.0,50.0,target,slope
453,3453,ring56,ring,2,136.0,120.0,50.0,target,slope
454,3454,ring56,ring,2,136.0,120.0,50.0,target,slope
455,3455,ring56,ring,2,136.0,120.0,50.0,target,slope
456,3456,ring56,ring,2,136.0,120.0,50.0,target,slope
457,3457,ring56,ring,2,136.0,120.0,50.0,target,slope
458,3458,ring56,ring,2,136.0,120.0,50.0,target,slope
459,3459,ring56,ring,2,136.0,120.0,50.0,target,slope
460,3460,ring56andring57,line,2,147.0,120.0,50.0,target,slope
461,3461,ring56andring57,line,2,147.0,100.0,42.0,target,slope
462,3462,ring56andring57,line,2,147.0,80.0,42.0,target,slope
463,3463,ring56andring57,line,2,147.0,60.0,42.0,target,slope
464,3464,ring56andring57,line,2,147.0,40.0,42.0,target,slope
465,3465,ring57,ring,2,148.0,20.0,34.0,target,slope
466,3466,ring57,ring,2,148.0,20.0,34.0,target,slope
467,3467,ring57,ring,2,148.0,20.0,34.0,target,slope
468,3468,ring57,ring,2,148.0,20.0,34.0,target,slope
469,3469,ring57,ring,2,148.0,20.0,34.0,target,slope
470,3470,ring57,ring,2,148.0,20.0,34.0,target,slope
471,3471,ring57,ring,2,148.0,20.0,34.0,target,slope
472,3472,ring57,ring,2,148.0,20.0,34.0,target,slope
473,3473,ring57,ring,2,148.0,20.0,34.0,target,slope
474,3474,ring57,ring,2,148.0,20.0,34.0,target,slope
475,3475,ring57,ring,2,148.0,20.0,34.0,target,slope
476,3476,ring57andring58,line,2,159.0,20.0,34.0,target,slope
477,3477,ring57andring58,line,2,159.0,40.0,26.0,target,slope
478,3478,ring57andring58,line,2,159.0,60.0,26.0,target,slope
479,3479,ring57andring58,line,2,159.0,80.0,26.0,target,slope
480,3480,ring57andring58,line,2,159.0,100.0,26.0,target,slope
481,3481,ring58,ring,2,160.0,120.0,18.0,target,slope
482,3482,ring58,ring,2,160.0,120.0,18.0,target,slope
483,3483,ring58,ring,2,160.0,120.0,18.0,target,slope
484,3484,ring58,ring,2,160.0,120.0,18.0,target,slope
485,3485,ring58,ring,2,160.0,120.0,18.0,target,slope
486,3486,ring58,ring,2,160.0,120.0,18.0,target,slope
487,3487,ring58,ring,2,160.0,120.0,18.0,target,slope
488,3488,ring58,ring,2,160.0,120.0,18.0,target,slope
489,3489,ring58,ring,2,160.0,120.0,18.0,target,slope
490,3490,ring58,ring,2,160.0,120.0,18.0,target,slope
491,3491,ring58,ring,2,160.0,120.0,18.0,target,slope
492,3492,andring58,line,2,171.0,120.0,18.0,target,slope
493,3493,andring58,line,2,171.0,100.0,10.0,target,slope
494,3494,andring58,line,2,171.0,80.0,10.0,target,slope
495,3495,andring58,line,2,171.0,60.0,10.0,target,slope
