original_node_index,node_id,burial_depth_cm,x_cm,y_cm,z_cm,geometry_type,stratum,region,selected,raw_channels,raw_channel_count,segment_ids,gauge_opportunity_profile,gauge_support_channels,permutation_group
0,S4_D2_X20_Y20_Z98,2.0,20.0,20.0,98.0,ring,surface_2cm_top,surface_2cm_top,True,3336;3337;3338;3339;3340;3341;3342;3343;3344;3345;3346;3347,12,andring49;ring49,9:12,3332;3333;3334;3335;3336;3337;3338;3339;3340;3341;3342;3343;3344;3345;3346;3347;3348;3349;3350;3351,surface_2cm_top|ring|9:12
1,S4_D2_X20_Y40_Z98,2.0,20.0,40.0,98.0,line,surface_2cm_top,surface_2cm_top,True,3335,1,andring49,8:1,3332;3333;3334;3335;3336;3337;3338;3339,surface_2cm_top|line|8:1
2,S4_D2_X20_Y60_Z98,2.0,20.0,60.0,98.0,line,surface_2cm_top,surface_2cm_top,True,3334,1,andring49,7:1,3332;3333;3334;3335;3336;3337;3338,surface_2cm_top|line|7:1
3,S4_D2_X20_Y80_Z98,2.0,20.0,80.0,98.0,line,surface_2cm_top,surface_2cm_top,True,3333,1,andring49,6:1,3332;3333;3334;3335;3336;3337,surface_2cm_top|line|6:1
4,S4_D2_X20_Y100_Z98,2.0,20.0,100.0,98.0,line,surface_2cm_top,surface_2cm_top,True,3332,1,andring49,5:1,3332;3333;3334;3335;3336,surface_2cm_top|line|5:1
5,S4_D2_X40_Y20_Z98,2.0,40.0,20.0,98.0,line,surface_2cm_top,surface_2cm_top,True,3348,1,ring49andring50,9:1,3344;3345;3346;3347;3348;3349;3350;3351;3352,surface_2cm_top|line|9:1
6,S4_D2_X40_Y40_Z98,2.0,40.0,40.0,98.0,line,surface_2cm_top,surface_2cm_top,True,3349,1,ring49andring50,9:1,3345;3346;3347;3348;3349;3350;3351;3352;3353,surface_2cm_top|line|9:1
7,S4_D2_X40_Y60_Z98,2.0,40.0,60.0,98.0,line,surface_2cm_top,surface_2cm_top,True,3350,1,ring49andring50,9:1,3346;3347;3348;3349;3350;3351;3352;3353;3354,surface_2cm_top|line|9:1
8,S4_D2_X40_Y80_Z98,2.0,40.0,80.0,98.0,line,surface_2cm_top,surface_2cm_top,True,3351,1,ring49andring50,9:1,3347;3348;3349;3350;3351;3352;3353;3354;3355,surface_2cm_top|line|9:1
9,S4_D2_X40_Y100_Z98,2.0,40.0,100.0,98.0,line,surface_2cm_top,surface_2cm_top,True,3352,1,ring49andring50,9:1,3348;3349;3350;3351;3352;3353;3354;3355;3356,surface_2cm_top|line|9:1
10,S4_D2_X40_Y120_Z98,2.0,40.0,120.0,98.0,ring,surface_2cm_top,surface_2cm_top,True,3353;3354;3355;3356;3357;3358;3359;3360;3361;3362;3363,11,ring50,9:11,3349;3350;3351;3352;3353;3354;3355;3356;3357;3358;3359;3360;3361;3362;3363;3364;3365;3366;3367,surface_2cm_top|ring|9:11
11,S4_D2_X60_Y20_Z98,2.0,60.0,20.0,98.0,ring,surface_2cm_top,surface_2cm_top,True,3369;3370;3371;3372;3373;3374;3375;3376;3377;3378;3379,11,ring51,9:11,3365;3366;3367;3368;3369;3370;3371;3372;3373;3374;3375;3376;3377;3378;3379;3380;3381;3382;3383,surface_2cm_top|ring|9:11
12,S4_D2_X60_Y40_Z98,2.0,60.0,40.0,98.0,line,surface_2cm_top,surface_2cm_top,True,3368,1,ring50andring51,9:1,3364;3365;3366;3367;3368;3369;3370;3371;3372,surface_2cm_top|line|9:1
13,S4_D2_X60_Y60_Z98,2.0,60.0,60.0,98.0,line,surface_2cm_top,surface_2cm_top,True,3367,1,ring50andring51,9:1,3363;3364;3365;3366;3367;3368;3369;3370;3371,surface_2cm_top|line|9:1
14,S4_D2_X60_Y80_Z98,2.0,60.0,80.0,98.0,line,surface_2cm_top,surface_2cm_top,True,3366,1,ring50andring51,9:1,3362;3363;3364;3365;3366;3367;3368;3369;3370,surface_2cm_top|line|9:1
15,S4_D2_X60_Y100_Z98,2.0,60.0,100.0,98.0,line,surface_2cm_top,surface_2cm_top,True,3365,1,ring50andring51,9:1,3361;3362;3363;3364;3365;3366;3367;3368;3369,surface_2cm_top|line|9:1
16,S4_D2_X60_Y120_Z98,2.0,60.0,120.0,98.0,line,surface_2cm_top,surface_2cm_top,True,3364,1,ring50andring51,9:1,3360;3361;3362;3363;3364;3365;3366;3367;3368,surface_2cm_top|line|9:1
17,S4_D2_X80_Y20_Z98,2.0,80.0,20.0,98.0,line,surface_2cm_top,surface_2cm_top,True,3380,1,ring51andring52,9:1,3376;3377;3378;3379;3380;3381;3382;3383;3384,surface_2cm_top|line|9:1
18,S4_D2_X80_Y40_Z98,2.0,80.0,40.0,98.0,line,surface_2cm_top,surface_2cm_top,True,3381,1,ring51andring52,9:1,3377;3378;3379;3380;3381;3382;3383;3384;3385,surface_2cm_top|line|9:1
19,S4_D2_X80_Y60_Z98,2.0,80.0,60.0,98.0,line,surface_2cm_top,surface_2cm_top,True,3382,1,ring51andring52,9:1,3378;3379;3380;3381;3382;3383;3384;3385;3386,surface_2cm_top|line|9:1
20,S4_D2_X80_Y80_Z98,2.0,80.0,80.0,98.0,line,surface_2cm_top,surface_2cm_top,True,3383,1,ring51andring52,9:1,3379;3380;3381;3382;3383;3384;3385;3386;3387,surface_2cm_top|line|9:1
21,S4_D2_X80_Y100_Z98,2.0,80.0,100.0,98.0,line,surface_2cm_top,surface_2cm_top,True,3384,1,ring51andring52,9:1,3380;3381;3382;3383;3384;3385;3386;3387;3388,surface_2cm_top|line|9:1
22,S4_D2_X80_Y120_Z98,2.0,80.0,120.0,98.0,ring,surface_2cm_top,surface_2cm_top,True,3385;3386;3387;3388;3389;3390;3391;3392;3393;3394;3395,11,ring52,9:11,3381;3382;3383;3384;3385;3386;3387;3388;3389;3390;3391;3392;3393;3394;3395;3396;3397;3398;3399,surface_2cm_top|ring|9:11
23,S4_D2_X85_Y20_Z98,2.0,85.0,20.0,98.0,ring,surface_2cm_top,surface_2cm_top,True,3401;3402;3403;3404;3405;3406;3407;3408;3409;3410;3411,11,ring53,9:11,3397;3398;3399;3400;3401;3402;3403;3404;3405;3406;3407;3408;3409;3410;3411;3412;3413;3414;3415,surface_2cm_top|ring|9:11
24,S4_D2_X86_Y40_Z98,2.0,86.0,40.0,98.0,line,surface_2cm_top,surface_2cm_top,True,3400,1,ring52andring53,9:1,3396;3397;3398;3399;3400;3401;3402;3403;3404,surface_2cm_top|line|9:1
25,S4_D2_X87_Y60_Z98,2.0,87.0,60.0,98.0,line,surface_2cm_top,surface_2cm_top,True,3399,1,ring52andring53,9:1,3395;3396;3397;3398;3399;3400;3401;3402;3403,surface_2cm_top|line|9:1
26,S4_D2_X88_Y80_Z98,2.0,88.0,80.0,98.0,line,surface_2cm_top,surface_2cm_top,True,3398,1,ring52andring53,9:1,3394;3395;3396;3397;3398;3399;3400;3401;3402,surface_2cm_top|line|9:1
27,S4_D2_X89_Y100_Z98,2.0,89.0,100.0,98.0,line,surface_2cm_top,surface_2cm_top,True,3397,1,ring52andring53,9:1,3393;3394;3395;3396;3397;3398;3399;3400;3401,surface_2cm_top|line|9:1
28,S4_D2_X89_Y120_Z98,2.0,89.0,120.0,98.0,line,surface_2cm_top,surface_2cm_top,True,3396,1,ring52andring53,9:1,3392;3393;3394;3395;3396;3397;3398;3399;3400,surface_2cm_top|line|9:1
29,S4_D2_X95_Y20_Z98,2.0,95.0,20.0,98.0,line,surface_2cm_top,surface_2cm_top,True,3412,1,ring53andring54,9:1,3408;3409;3410;3411;3412;3413;3414;3415;3416,surface_2cm_top|line|9:1
30,S4_D2_X95_Y40_Z98,2.0,95.0,40.0,98.0,line,surface_2cm_top,surface_2cm_top,True,3413,1,ring53andring54,9:1,3409;3410;3411;3412;3413;3414;3415;3416;3417,surface_2cm_top|line|9:1
31,S4_D2_X95_Y60_Z98,2.0,95.0,60.0,98.0,line,surface_2cm_top,surface_2cm_top,True,3414,1,ring53andring54,9:1,3410;3411;3412;3413;3414;3415;3416;3417;3418,surface_2cm_top|line|9:1
32,S4_D2_X95_Y80_Z98,2.0,95.0,80.0,98.0,line,surface_2cm_top,surface_2cm_top,True,3415,1,ring53andring54,9:1,3411;3412;3413;3414;3415;3416;3417;3418;3419,surface_2cm_top|line|9:1
33,S4_D2_X95_Y100_Z98,2.0,95.0,100.0,98.0,line,surface_2cm_top,surface_2cm_top,True,3416,1,ring53andring54,9:1,3412;3413;3414;3415;3416;3417;3418;3419;3420,surface_2cm_top|line|9:1
34,S4_D2_X115_Y120_Z80,2.0,115.0,120.0,80.0,ring,surface_2cm_slope,surface_2cm_slope,True,3417;3418;3419;3420;3421;3422;3423;3424;3425;3426;3427,11,ring54,9:11,3413;3414;3415;3416;3417;3418;3419;3420;3421;3422;3423;3424;3425;3426;3427;3428;3429;3430;3431,surface_2cm_slope|ring|9:11
35,S4_D2_X121_Y30_Z72,2.0,121.0,30.0,72.0,line,surface_2cm_slope,surface_2cm_slope,True,3432,1,ring54andring55,9:1,3428;3429;3430;3431;3432;3433;3434;3435;3436,surface_2cm_slope|line|9:1
36,S4_D2_X121_Y50_Z72,2.0,121.0,50.0,72.0,line,surface_2cm_slope,surface_2cm_slope,True,3431,1,ring54andring55,9:1,3427;3428;3429;3430;3431;3432;3433;3434;3435,surface_2cm_slope|line|9:1
37,S4_D2_X121_Y70_Z72,2.0,121.0,70.0,72.0,line,surface_2cm_slope,surface_2cm_slope,True,3430,1,ring54andring55,9:1,3426;3427;3428;3429;3430;3431;3432;3433;3434,surface_2cm_slope|line|9:1
38,S4_D2_X121_Y90_Z72,2.0,121.0,90.0,72.0,line,surface_2cm_slope,surface_2cm_slope,True,3429,1,ring54andring55,9:1,3425;3426;3427;3428;3429;3430;3431;3432;3433,surface_2cm_slope|line|9:1
39,S4_D2_X121_Y110_Z72,2.0,121.0,110.0,72.0,line,surface_2cm_slope,surface_2cm_slope,True,3428,1,ring54andring55,9:1,3424;3425;3426;3427;3428;3429;3430;3431;3432,surface_2cm_slope|line|9:1
40,S4_D2_X127_Y20_Z64,2.0,127.0,20.0,64.0,ring,surface_2cm_slope,surface_2cm_slope,True,3433;3434;3435;3436;3437;3438;3439;3440;3441;3442;3443,11,ring55,9:11,3429;3430;3431;3432;3433;3434;3435;3436;3437;3438;3439;3440;3441;3442;3443;3444;3445;3446;3447,surface_2cm_slope|ring|9:11
41,S4_D2_X133_Y30_Z56,2.0,133.0,30.0,56.0,line,surface_2cm_slope,surface_2cm_slope,True,3444,1,ring55andring56,9:1,3440;3441;3442;3443;3444;3445;3446;3447;3448,surface_2cm_slope|line|9:1
42,S4_D2_X133_Y50_Z56,2.0,133.0,50.0,56.0,line,surface_2cm_slope,surface_2cm_slope,True,3445,1,ring55andring56,9:1,3441;3442;3443;3444;3445;3446;3447;3448;3449,surface_2cm_slope|line|9:1
43,S4_D2_X133_Y70_Z56,2.0,133.0,70.0,56.0,line,surface_2cm_slope,surface_2cm_slope,True,3446,1,ring55andring56,9:1,3442;3443;3444;3445;3446;3447;3448;3449;3450,surface_2cm_slope|line|9:1
44,S4_D2_X133_Y90_Z56,2.0,133.0,90.0,56.0,line,surface_2cm_slope,surface_2cm_slope,True,3447,1,ring55andring56,9:1,3443;3444;3445;3446;3447;3448;3449;3450;3451,surface_2cm_slope|line|9:1
45,S4_D2_X133_Y110_Z56,2.0,133.0,110.0,56.0,line,surface_2cm_slope,surface_2cm_slope,True,3448,1,ring55andring56,9:1,3444;3445;3446;3447;3448;3449;3450;3451;3452,surface_2cm_slope|line|9:1
46,S4_D2_X139_Y120_Z48,2.0,139.0,120.0,48.0,ring,surface_2cm_slope,surface_2cm_slope,True,3449;3450;3451;3452;3453;3454;3455;3456;3457;3458;3459,11,ring56,9:11,3445;3446;3447;3448;3449;3450;3451;3452;3453;3454;3455;3456;3457;3458;3459;3460;3461;3462;3463,surface_2cm_slope|ring|9:11
47,S4_D2_X145_Y30_Z40,2.0,145.0,30.0,40.0,line,surface_2cm_slope,surface_2cm_slope,True,3464,1,ring56andring57,9:1,3460;3461;3462;3463;3464;3465;3466;3467;3468,surface_2cm_slope|line|9:1
48,S4_D2_X145_Y50_Z40,2.0,145.0,50.0,40.0,line,surface_2cm_slope,surface_2cm_slope,True,3463,1,ring56andring57,9:1,3459;3460;3461;3462;3463;3464;3465;3466;3467,surface_2cm_slope|line|9:1
49,S4_D2_X145_Y70_Z40,2.0,145.0,70.0,40.0,line,surface_2cm_slope,surface_2cm_slope,True,3462,1,ring56andring57,9:1,3458;3459;3460;3461;3462;3463;3464;3465;3466,surface_2cm_slope|line|9:1
50,S4_D2_X145_Y90_Z40,2.0,145.0,90.0,40.0,line,surface_2cm_slope,surface_2cm_slope,True,3461,1,ring56andring57,9:1,3457;3458;3459;3460;3461;3462;3463;3464;3465,surface_2cm_slope|line|9:1
51,S4_D2_X145_Y110_Z40,2.0,145.0,110.0,40.0,line,surface_2cm_slope,surface_2cm_slope,True,3460,1,ring56andring57,9:1,3456;3457;3458;3459;3460;3461;3462;3463;3464,surface_2cm_slope|line|9:1
52,S4_D2_X151_Y20_Z32,2.0,151.0,20.0,32.0,ring,surface_2cm_slope,surface_2cm_slope,True,3465;3466;3467;3468;3469;3470;3471;3472;3473;3474;3475,11,ring57,9:11,3461;3462;3463;3464;3465;3466;3467;3468;3469;3470;3471;3472;3473;3474;3475;3476;3477;3478;3479,surface_2cm_slope|ring|9:11
53,S4_D2_X157_Y30_Z24,2.0,157.0,30.0,24.0,line,surface_2cm_slope,surface_2cm_slope,True,3476,1,ring57andring58,9:1,3472;3473;3474;3475;3476;3477;3478;3479;3480,surface_2cm_slope|line|9:1
54,S4_D2_X157_Y50_Z24,2.0,157.0,50.0,24.0,line,surface_2cm_slope,surface_2cm_slope,True,3477,1,ring57andring58,9:1,3473;3474;3475;3476;3477;3478;3479;3480;3481,surface_2cm_slope|line|9:1
55,S4_D2_X157_Y70_Z24,2.0,157.0,70.0,24.0,line,surface_2cm_slope,surface_2cm_slope,True,3478,1,ring57andring58,9:1,3474;3475;3476;3477;3478;3479;3480;3481;3482,surface_2cm_slope|line|9:1
56,S4_D2_X157_Y90_Z24,2.0,157.0,90.0,24.0,line,surface_2cm_slope,surface_2cm_slope,True,3479,1,ring57andring58,9:1,3475;3476;3477;3478;3479;3480;3481;3482;3483,surface_2cm_slope|line|9:1
57,S4_D2_X157_Y110_Z24,2.0,157.0,110.0,24.0,line,surface_2cm_slope,surface_2cm_slope,True,3480,1,ring57andring58,9:1,3476;3477;3478;3479;3480;3481;3482;3483;3484,surface_2cm_slope|line|9:1
58,S4_D2_X163_Y120_Z16,2.0,163.0,120.0,16.0,ring,surface_2cm_slope,surface_2cm_slope,True,3481;3482;3483;3484;3485;3486;3487;3488;3489;3490;3491,11,ring58,9:11,3477;3478;3479;3480;3481;3482;3483;3484;3485;3486;3487;3488;3489;3490;3491;3492;3493;3494;3495,surface_2cm_slope|ring|9:11
59,S4_D2_X169_Y50_Z8,2.0,169.0,50.0,8.0,line,surface_2cm_slope,surface_2cm_slope,True,3495,1,andring58,5:1,3491;3492;3493;3494;3495,surface_2cm_slope|line|5:1
60,S4_D2_X169_Y70_Z8,2.0,169.0,70.0,8.0,line,surface_2cm_slope,surface_2cm_slope,True,3494,1,andring58,6:1,3490;3491;3492;3493;3494;3495,surface_2cm_slope|line|6:1
61,S4_D2_X169_Y90_Z8,2.0,169.0,90.0,8.0,line,surface_2cm_slope,surface_2cm_slope,True,3493,1,andring58,7:1,3489;3490;3491;3492;3493;3494;3495,surface_2cm_slope|line|7:1
62,S4_D2_X169_Y110_Z8,2.0,169.0,110.0,8.0,line,surface_2cm_slope,surface_2cm_slope,True,3492,1,andring58,8:1,3488;3489;3490;3491;3492;3493;3494;3495,surface_2cm_slope|line|8:1
63,S4_D20_X30_Y18.4_Z80,20.0,30.0,18.4,80.0,ring,horizontal_20cm,platform_20cm,True,3302;3303;3304,3,ring45,9:3,3298;3299;3300;3301;3302;3303;3304;3305;3306;3307;3308,horizontal_20cm|ring|9:3
64,S4_D20_X30_Y25.6_Z80,20.0,30.0,25.6,80.0,line,horizontal_20cm,platform_20cm,True,3305,1,ring45andring46,9:1,3301;3302;3303;3304;3305;3306;3307;3308;3309,horizontal_20cm|line|9:1
65,S4_D20_X30_Y45.6_Z80,20.0,30.0,45.6,80.0,line,horizontal_20cm,platform_20cm,True,3306,1,ring45andring46,9:1,3302;3303;3304;3305;3306;3307;3308;3309;3310,horizontal_20cm|line|9:1
66,S4_D20_X30_Y52.8_Z80,20.0,30.0,52.8,80.0,ring,horizontal_20cm,platform_20cm,True,3307;3308;3309,3,ring46,9:3,3303;3304;3305;3306;3307;3308;3309;3310;3311;3312;3313,horizontal_20cm|ring|9:3
67,S4_D20_X30_Y60_Z80,20.0,30.0,60.0,80.0,line,horizontal_20cm,platform_20cm,True,3310,1,ring46andring47,9:1,3306;3307;3308;3309;3310;3311;3312;3313;3314,horizontal_20cm|line|9:1
68,S4_D20_X30_Y80_Z80,20.0,30.0,80.0,80.0,line,horizontal_20cm,platform_20cm,True,3311,1,ring46andring47,9:1,3307;3308;3309;3310;3311;3312;3313;3314;3315,horizontal_20cm|line|9:1
69,S4_D20_X30_Y87.2_Z80,20.0,30.0,87.2,80.0,ring,horizontal_20cm,platform_20cm,True,3312;3313;3314,3,ring47,9:3,3308;3309;3310;3311;3312;3313;3314;3315;3316;3317;3318,horizontal_20cm|ring|9:3
70,S4_D20_X30_Y94.4_Z80,20.0,30.0,94.4,80.0,line,horizontal_20cm,platform_20cm,True,3315,1,ring47andring48,9:1,3311;3312;3313;3314;3315;3316;3317;3318;3319,horizontal_20cm|line|9:1
71,S4_D20_X30_Y114.4_Z80,20.0,30.0,114.4,80.0,line,horizontal_20cm,platform_20cm,True,3316,1,ring47andring48,8:1,3312;3313;3314;3315;3316;3317;3318;3319,horizontal_20cm|line|8:1
72,S4_D20_X30_Y121.6_Z80,20.0,30.0,121.6,80.0,ring,horizontal_20cm,platform_20cm,True,3317;3318;3319,3,ring48,5:1;6:1;7:1,3313;3314;3315;3316;3317;3318;3319,horizontal_20cm|ring|5:1;6:1;7:1
73,S4_D20_X60_Y18.4_Z80,20.0,60.0,18.4,80.0,ring,horizontal_20cm,platform_20cm,True,3297;3298;3299,3,ring44,9:3,3293;3294;3295;3296;3297;3298;3299;3300;3301;3302;3303,horizontal_20cm|ring|9:3
74,S4_D20_X60_Y25.6_Z80,20.0,60.0,25.6,80.0,line,horizontal_20cm,platform_20cm,True,3296,1,ring43andring44,9:1,3292;3293;3294;3295;3296;3297;3298;3299;3300,horizontal_20cm|line|9:1
75,S4_D20_X60_Y45.6_Z80,20.0,60.0,45.6,80.0,line,horizontal_20cm,platform_20cm,True,3295,1,ring43andring44,9:1,3291;3292;3293;3294;3295;3296;3297;3298;3299,horizontal_20cm|line|9:1
76,S4_D20_X60_Y52.8_Z80,20.0,60.0,52.8,80.0,ring,horizontal_20cm,platform_20cm,True,3292;3293;3294,3,ring43,9:3,3288;3289;3290;3291;3292;3293;3294;3295;3296;3297;3298,horizontal_20cm|ring|9:3
77,S4_D20_X60_Y60_Z80,20.0,60.0,60.0,80.0,line,horizontal_20cm,platform_20cm,True,3291,1,ring42andring43,9:1,3287;3288;3289;3290;3291;3292;3293;3294;3295,horizontal_20cm|line|9:1
78,S4_D20_X60_Y80_Z80,20.0,60.0,80.0,80.0,line,horizontal_20cm,platform_20cm,True,3290,1,ring42andring43,9:1,3286;3287;3288;3289;3290;3291;3292;3293;3294,horizontal_20cm|line|9:1
79,S4_D20_X60_Y87.2_Z80,20.0,60.0,87.2,80.0,ring,horizontal_20cm,platform_20cm,True,3287;3288;3289,3,ring42,9:3,3283;3284;3285;3286;3287;3288;3289;3290;3291;3292;3293,horizontal_20cm|ring|9:3
80,S4_D20_X60_Y94.4_Z80,20.0,60.0,94.4,80.0,line,horizontal_20cm,platform_20cm,True,3286,1,ring41andring42,9:1,3282;3283;3284;3285;3286;3287;3288;3289;3290,horizontal_20cm|line|9:1
81,S4_D20_X60_Y114.4_Z80,20.0,60.0,114.4,80.0,line,horizontal_20cm,platform_20cm,True,3285,1,ring41andring42,9:1,3281;3282;3283;3284;3285;3286;3287;3288;3289,horizontal_20cm|line|9:1
82,S4_D20_X60_Y121.6_Z80,20.0,60.0,121.6,80.0,ring,horizontal_20cm,platform_20cm,True,3282;3283;3284,3,ring41,9:3,3278;3279;3280;3281;3282;3283;3284;3285;3286;3287;3288,horizontal_20cm|ring|9:3
83,S4_D20_X90_Y18.4_Z80,20.0,90.0,18.4,80.0,ring,horizontal_20cm,platform_20cm,True,3262;3263;3264,3,ring37,5:1;6:1;7:1,3262;3263;3264;3265;3266;3267;3268,horizontal_20cm|ring|5:1;6:1;7:1
84,S4_D20_X90_Y25.6_Z80,20.0,90.0,25.6,80.0,line,horizontal_20cm,platform_20cm,True,3265,1,ring37andring38,8:1,3262;3263;3264;3265;3266;3267;3268;3269,horizontal_20cm|line|8:1
85,S4_D20_X90_Y45.6_Z80,20.0,90.0,45.6,80.0,line,horizontal_20cm,platform_20cm,True,3266,1,ring37andring38,9:1,3262;3263;3264;3265;3266;3267;3268;3269;3270,horizontal_20cm|line|9:1
86,S4_D20_X90_Y52.8_Z80,20.0,90.0,52.8,80.0,ring,horizontal_20cm,platform_20cm,True,3267;3268;3269,3,ring38,9:3,3263;3264;3265;3266;3267;3268;3269;3270;3271;3272;3273,horizontal_20cm|ring|9:3
87,S4_D20_X90_Y60_Z80,20.0,90.0,60.0,80.0,line,horizontal_20cm,platform_20cm,True,3270,1,ring38andring39,9:1,3266;3267;3268;3269;3270;3271;3272;3273;3274,horizontal_20cm|line|9:1
88,S4_D20_X90_Y80_Z80,20.0,90.0,80.0,80.0,line,horizontal_20cm,platform_20cm,True,3271,1,ring38andring39,9:1,3267;3268;3269;3270;3271;3272;3273;3274;3275,horizontal_20cm|line|9:1
89,S4_D20_X90_Y87.2_Z80,20.0,90.0,87.2,80.0,ring,horizontal_20cm,platform_20cm,True,3272;3273;3274,3,ring39,9:3,3268;3269;3270;3271;3272;3273;3274;3275;3276;3277;3278,horizontal_20cm|ring|9:3
90,S4_D20_X90_Y94.4_Z80,20.0,90.0,94.4,80.0,line,horizontal_20cm,platform_20cm,True,3275,1,ring39andring40,9:1,3271;3272;3273;3274;3275;3276;3277;3278;3279,horizontal_20cm|line|9:1
91,S4_D20_X90_Y114.4_Z80,20.0,90.0,114.4,80.0,line,horizontal_20cm,platform_20cm,True,3276,1,ring39andring40,9:1,3272;3273;3274;3275;3276;3277;3278;3279;3280,horizontal_20cm|line|9:1
92,S4_D20_X90_Y121.6_Z80,20.0,90.0,121.6,80.0,ring,horizontal_20cm,platform_20cm,True,3277;3278;3279,3,ring40,9:3,3273;3274;3275;3276;3277;3278;3279;3280;3281;3282;3283,horizontal_20cm|ring|9:3
93,S4_D50_X30_Y18.4_Z50,50.0,30.0,18.4,50.0,ring,horizontal_50cm,excluded_interior,False,3255;3256;3257,3,ring36,5:1;6:1;7:1,3251;3252;3253;3254;3255;3256;3257,horizontal_50cm|ring|5:1;6:1;7:1
94,S4_D50_X30_Y25.6_Z50,50.0,30.0,25.6,50.0,line,horizontal_50cm,excluded_interior,False,3254,1,ring35andring36,8:1,3250;3251;3252;3253;3254;3255;3256;3257,horizontal_50cm|line|8:1
95,S4_D50_X30_Y45.6_Z50,50.0,30.0,45.6,50.0,line,horizontal_50cm,excluded_interior,False,3253,1,ring35andring36,9:1,3249;3250;3251;3252;3253;3254;3255;3256;3257,horizontal_50cm|line|9:1
96,S4_D50_X30_Y52.8_Z50,50.0,30.0,52.8,50.0,ring,horizontal_50cm,excluded_interior,False,3250;3251;3252,3,ring35,9:3,3246;3247;3248;3249;3250;3251;3252;3253;3254;3255;3256,horizontal_50cm|ring|9:3
97,S4_D50_X30_Y60_Z50,50.0,30.0,60.0,50.0,line,horizontal_50cm,excluded_interior,False,3249,1,ring34andring35,9:1,3245;3246;3247;3248;3249;3250;3251;3252;3253,horizontal_50cm|line|9:1
98,S4_D50_X30_Y80_Z50,50.0,30.0,80.0,50.0,line,horizontal_50cm,excluded_interior,False,3248,1,ring34andring35,9:1,3244;3245;3246;3247;3248;3249;3250;3251;3252,horizontal_50cm|line|9:1
99,S4_D50_X30_Y87.2_Z50,50.0,30.0,87.2,50.0,ring,horizontal_50cm,excluded_interior,False,3245;3246;3247,3,ring34,9:3,3241;3242;3243;3244;3245;3246;3247;3248;3249;3250;3251,horizontal_50cm|ring|9:3
100,S4_D50_X30_Y94.4_Z50,50.0,30.0,94.4,50.0,line,horizontal_50cm,excluded_interior,False,3244,1,ring33andring34,9:1,3240;3241;3242;3243;3244;3245;3246;3247;3248,horizontal_50cm|line|9:1
101,S4_D50_X30_Y114.4_Z50,50.0,30.0,114.4,50.0,line,horizontal_50cm,excluded_interior,False,3243,1,ring33andring34,9:1,3239;3240;3241;3242;3243;3244;3245;3246;3247,horizontal_50cm|line|9:1
102,S4_D50_X30_Y121.6_Z50,50.0,30.0,121.6,50.0,ring,horizontal_50cm,excluded_interior,False,3240;3241;3242,3,ring33,9:3,3236;3237;3238;3239;3240;3241;3242;3243;3244;3245;3246,horizontal_50cm|ring|9:3
103,S4_D50_X60_Y18.4_Z50,50.0,60.0,18.4,50.0,ring,horizontal_50cm,excluded_interior,False,3220;3221;3222,3,ring29,9:3,3216;3217;3218;3219;3220;3221;3222;3223;3224;3225;3226,horizontal_50cm|ring|9:3
104,S4_D50_X60_Y25.6_Z50,50.0,60.0,25.6,50.0,line,horizontal_50cm,excluded_interior,False,3223,1,ring29andring30,9:1,3219;3220;3221;3222;3223;3224;3225;3226;3227,horizontal_50cm|line|9:1
105,S4_D50_X60_Y45.6_Z50,50.0,60.0,45.6,50.0,line,horizontal_50cm,excluded_interior,False,3224,1,ring29andring30,9:1,3220;3221;3222;3223;3224;3225;3226;3227;3228,horizontal_50cm|line|9:1
106,S4_D50_X60_Y52.8_Z50,50.0,60.0,52.8,50.0,ring,horizontal_50cm,excluded_interior,False,3225;3226;3227,3,ring30,9:3,3221;3222;3223;3224;3225;3226;3227;3228;3229;3230;3231,horizontal_50cm|ring|9:3
107,S4_D50_X60_Y60_Z50,50.0,60.0,60.0,50.0,line,horizontal_50cm,excluded_interior,False,3228,1,ring30andring31,9:1,3224;3225;3226;3227;3228;3229;3230;3231;3232,horizontal_50cm|line|9:1
108,S4_D50_X60_Y80_Z50,50.0,60.0,80.0,50.0,line,horizontal_50cm,excluded_interior,False,3229,1,ring30andring31,9:1,3225;3226;3227;3228;3229;3230;3231;3232;3233,horizontal_50cm|line|9:1
109,S4_D50_X60_Y87.2_Z50,50.0,60.0,87.2,50.0,ring,horizontal_50cm,excluded_interior,False,3230;3231;3232,3,ring31,9:3,3226;3227;3228;3229;3230;3231;3232;3233;3234;3235;3236,horizontal_50cm|ring|9:3
110,S4_D50_X60_Y94.4_Z50,50.0,60.0,94.4,50.0,line,horizontal_50cm,excluded_interior,False,3233,1,ring31andring32,9:1,3229;3230;3231;3232;3233;3234;3235;3236;3237,horizontal_50cm|line|9:1
111,S4_D50_X60_Y114.4_Z50,50.0,60.0,114.4,50.0,line,horizontal_50cm,excluded_interior,False,3234,1,ring31andring32,9:1,3230;3231;3232;3233;3234;3235;3236;3237;3238,horizontal_50cm|line|9:1
112,S4_D50_X60_Y121.6_Z50,50.0,60.0,121.6,50.0,ring,horizontal_50cm,excluded_interior,False,3235;3236;3237,3,ring32,9:3,3231;3232;3233;3234;3235;3236;3237;3238;3239;3240;3241,horizontal_50cm|ring|9:3
113,S4_D50_X90_Y18.4_Z50,50.0,90.0,18.4,50.0,ring,horizontal_50cm,excluded_interior,False,3215;3216;3217,3,ring28,9:3,3211;3212;3213;3214;3215;3216;3217;3218;3219;3220;3221,horizontal_50cm|ring|9:3
114,S4_D50_X90_Y25.6_Z50,50.0,90.0,25.6,50.0,line,horizontal_50cm,excluded_interior,False,3214,1,ring27andring28,9:1,3210;3211;3212;3213;3214;3215;3216;3217;3218,horizontal_50cm|line|9:1
115,S4_D50_X90_Y45.6_Z50,50.0,90.0,45.6,50.0,line,horizontal_50cm,excluded_interior,False,3213,1,ring27andring28,9:1,3209;3210;3211;3212;3213;3214;3215;3216;3217,horizontal_50cm|line|9:1
116,S4_D50_X90_Y52.8_Z50,50.0,90.0,52.8,50.0,ring,horizontal_50cm,excluded_interior,False,3210;3211;3212,3,ring27,9:3,3206;3207;3208;3209;3210;3211;3212;3213;3214;3215;3216,horizontal_50cm|ring|9:3
117,S4_D50_X90_Y60_Z50,50.0,90.0,60.0,50.0,line,horizontal_50cm,excluded_interior,False,3209,1,ring26andring27,9:1,3205;3206;3207;3208;3209;3210;3211;3212;3213,horizontal_50cm|line|9:1
118,S4_D50_X90_Y80_Z50,50.0,90.0,80.0,50.0,line,horizontal_50cm,excluded_interior,False,3208,1,ring26andring27,9:1,3204;3205;3206;3207;3208;3209;3210;3211;3212,horizontal_50cm|line|9:1
119,S4_D50_X90_Y87.2_Z50,50.0,90.0,87.2,50.0,ring,horizontal_50cm,excluded_interior,False,3205;3206;3207,3,ring26,9:3,3201;3202;3203;3204;3205;3206;3207;3208;3209;3210;3211,horizontal_50cm|ring|9:3
120,S4_D50_X90_Y94.4_Z50,50.0,90.0,94.4,50.0,line,horizontal_50cm,excluded_interior,False,3204,1,ring25andring26,9:1,3200;3201;3202;3203;3204;3205;3206;3207;3208,horizontal_50cm|line|9:1
121,S4_D50_X90_Y114.4_Z50,50.0,90.0,114.4,50.0,line,horizontal_50cm,excluded_interior,False,3203,1,ring25andring26,9:1,3199;3200;3201;3202;3203;3204;3205;3206;3207,horizontal_50cm|line|9:1
122,S4_D50_X90_Y121.6_Z50,50.0,90.0,121.6,50.0,ring,horizontal_50cm,excluded_interior,False,3200;3201;3202,3,ring25,9:3,3196;3197;3198;3199;3200;3201;3202;3203;3204;3205;3206,horizontal_50cm|ring|9:3
123,S4_D50_X120_Y18.4_Z50,50.0,120.0,18.4,50.0,ring,horizontal_50cm,near_face_50cm,True,3180;3181;3182,3,ring21,6:2;7:1,3176;3180;3181;3182;3183;3184;3185;3186,horizontal_50cm|ring|6:2;7:1
124,S4_D50_X120_Y25.6_Z50,50.0,120.0,25.6,50.0,line,horizontal_50cm,near_face_50cm,True,3183,1,ring21andring22,8:1,3180;3181;3182;3183;3184;3185;3186;3187,horizontal_50cm|line|8:1
125,S4_D50_X120_Y45.6_Z50,50.0,120.0,45.6,50.0,line,horizontal_50cm,near_face_50cm,True,3184,1,ring21andring22,9:1,3180;3181;3182;3183;3184;3185;3186;3187;3188,horizontal_50cm|line|9:1
126,S4_D50_X120_Y52.8_Z50,50.0,120.0,52.8,50.0,ring,horizontal_50cm,near_face_50cm,True,3185;3186;3187,3,ring22,9:3,3181;3182;3183;3184;3185;3186;3187;3188;3189;3190;3191,horizontal_50cm|ring|9:3
127,S4_D50_X120_Y60_Z50,50.0,120.0,60.0,50.0,line,horizontal_50cm,near_face_50cm,True,3188,1,ring22andring23,9:1,3184;3185;3186;3187;3188;3189;3190;3191;3192,horizontal_50cm|line|9:1
128,S4_D50_X120_Y80_Z50,50.0,120.0,80.0,50.0,line,horizontal_50cm,near_face_50cm,True,3189,1,ring22andring23,9:1,3185;3186;3187;3188;3189;3190;3191;3192;3193,horizontal_50cm|line|9:1
129,S4_D50_X120_Y87.2_Z50,50.0,120.0,87.2,50.0,ring,horizontal_50cm,near_face_50cm,True,3190;3191;3192,3,ring23,9:3,3186;3187;3188;3189;3190;3191;3192;3193;3194;3195;3196,horizontal_50cm|ring|9:3
130,S4_D50_X120_Y94.4_Z50,50.0,120.0,94.4,50.0,line,horizontal_50cm,near_face_50cm,True,3193,1,ring23andring24,9:1,3189;3190;3191;3192;3193;3194;3195;3196;3197,horizontal_50cm|line|9:1
131,S4_D50_X120_Y114.4_Z50,50.0,120.0,114.4,50.0,line,horizontal_50cm,near_face_50cm,True,3194,1,ring23andring24,9:1,3190;3191;3192;3193;3194;3195;3196;3197;3198,horizontal_50cm|line|9:1
132,S4_D50_X120_Y121.6_Z50,50.0,120.0,121.6,50.0,ring,horizontal_50cm,near_face_50cm,True,3195;3196;3197,3,ring24,9:3,3191;3192;3193;3194;3195;3196;3197;3198;3199;3200;3201,horizontal_50cm|ring|9:3
133,S4_D80_X30_Y18.4_Z20,80.0,30.0,18.4,20.0,ring,horizontal_80cm,excluded_interior,False,3174;3175;3176,3,ring20,6:2;7:1,3170;3171;3172;3173;3174;3175;3176;3180,horizontal_80cm|ring|6:2;7:1
134,S4_D80_X30_Y25.6_Z20,80.0,30.0,25.6,20.0,line,horizontal_80cm,excluded_interior,False,3173,1,ring19andring20,8:1,3169;3170;3171;3172;3173;3174;3175;3176,horizontal_80cm|line|8:1
135,S4_D80_X30_Y45.6_Z20,80.0,30.0,45.6,20.0,line,horizontal_80cm,excluded_interior,False,3172,1,ring19andring20,9:1,3168;3169;3170;3171;3172;3173;3174;3175;3176,horizontal_80cm|line|9:1
136,S4_D80_X30_Y52.8_Z20,80.0,30.0,52.8,20.0,ring,horizontal_80cm,excluded_interior,False,3169;3170;3171,3,ring19,9:3,3165;3166;3167;3168;3169;3170;3171;3172;3173;3174;3175,horizontal_80cm|ring|9:3
137,S4_D80_X30_Y60_Z20,80.0,30.0,60.0,20.0,line,horizontal_80cm,excluded_interior,False,3168,1,ring18andring19,9:1,3164;3165;3166;3167;3168;3169;3170;3171;3172,horizontal_80cm|line|9:1
138,S4_D80_X30_Y80_Z20,80.0,30.0,80.0,20.0,line,horizontal_80cm,excluded_interior,False,3167,1,ring18andring19,9:1,3163;3164;3165;3166;3167;3168;3169;3170;3171,horizontal_80cm|line|9:1
139,S4_D80_X30_Y87.2_Z20,80.0,30.0,87.2,20.0,ring,horizontal_80cm,excluded_interior,False,3164;3165;3166,3,ring18,9:3,3160;3161;3162;3163;3164;3165;3166;3167;3168;3169;3170,horizontal_80cm|ring|9:3
140,S4_D80_X30_Y94.4_Z20,80.0,30.0,94.4,20.0,line,horizontal_80cm,excluded_interior,False,3163,1,ring17andring18,9:1,3159;3160;3161;3162;3163;3164;3165;3166;3167,horizontal_80cm|line|9:1
141,S4_D80_X30_Y114.4_Z20,80.0,30.0,114.4,20.0,line,horizontal_80cm,excluded_interior,False,3162,1,ring17andring18,9:1,3158;3159;3160;3161;3162;3163;3164;3165;3166,horizontal_80cm|line|9:1
142,S4_D80_X30_Y121.6_Z20,80.0,30.0,121.6,20.0,ring,horizontal_80cm,excluded_interior,False,3159;3160;3161,3,ring17,9:3,3155;3156;3157;3158;3159;3160;3161;3162;3163;3164;3165,horizontal_80cm|ring|9:3
143,S4_D80_X60_Y18.4_Z20,80.0,60.0,18.4,20.0,ring,horizontal_80cm,excluded_interior,False,3139;3140;3141,3,ring13,9:3,3135;3136;3137;3138;3139;3140;3141;3142;3143;3144;3145,horizontal_80cm|ring|9:3
144,S4_D80_X60_Y25.6_Z20,80.0,60.0,25.6,20.0,line,horizontal_80cm,excluded_interior,False,3142,1,ring13andring14,9:1,3138;3139;3140;3141;3142;3143;3144;3145;3146,horizontal_80cm|line|9:1
145,S4_D80_X60_Y45.6_Z20,80.0,60.0,45.6,20.0,line,horizontal_80cm,excluded_interior,False,3143,1,ring13andring14,9:1,3139;3140;3141;3142;3143;3144;3145;3146;3147,horizontal_80cm|line|9:1
146,S4_D80_X60_Y52.8_Z20,80.0,60.0,52.8,20.0,ring,horizontal_80cm,excluded_interior,False,3144;3145;3146,3,ring14,9:3,3140;3141;3142;3143;3144;3145;3146;3147;3148;3149;3150,horizontal_80cm|ring|9:3
147,S4_D80_X60_Y60_Z20,80.0,60.0,60.0,20.0,line,horizontal_80cm,excluded_interior,False,3147,1,ring14andring15,9:1,3143;3144;3145;3146;3147;3148;3149;3150;3151,horizontal_80cm|line|9:1
148,S4_D80_X60_Y80_Z20,80.0,60.0,80.0,20.0,line,horizontal_80cm,excluded_interior,False,3148,1,ring14andring15,9:1,3144;3145;3146;3147;3148;3149;3150;3151;3152,horizontal_80cm|line|9:1
149,S4_D80_X60_Y87.2_Z20,80.0,60.0,87.2,20.0,ring,horizontal_80cm,excluded_interior,False,3149;3150;3151,3,ring15,9:3,3145;3146;3147;3148;3149;3150;3151;3152;3153;3154;3155,horizontal_80cm|ring|9:3
150,S4_D80_X60_Y94.4_Z20,80.0,60.0,94.4,20.0,line,horizontal_80cm,excluded_interior,False,3152,1,ring15andring16,9:1,3148;3149;3150;3151;3152;3153;3154;3155;3156,horizontal_80cm|line|9:1
151,S4_D80_X60_Y114.4_Z20,80.0,60.0,114.4,20.0,line,horizontal_80cm,excluded_interior,False,3153,1,ring15andring16,9:1,3149;3150;3151;3152;3153;3154;3155;3156;3157,horizontal_80cm|line|9:1
152,S4_D80_X60_Y121.6_Z20,80.0,60.0,121.6,20.0,ring,horizontal_80cm,excluded_interior,False,3154;3155;3156,3,ring16,9:3,3150;3151;3152;3153;3154;3155;3156;3157;3158;3159;3160,horizontal_80cm|ring|9:3
153,S4_D80_X90_Y18.4_Z20,80.0,90.0,18.4,20.0,ring,horizontal_80cm,excluded_interior,False,3134;3135;3136,3,ring12,9:3,3130;3131;3132;3133;3134;3135;3136;3137;3138;3139;3140,horizontal_80cm|ring|9:3
154,S4_D80_X90_Y25.6_Z20,80.0,90.0,25.6,20.0,line,horizontal_80cm,excluded_interior,False,3133,1,ring11andring12,9:1,3129;3130;3131;3132;3133;3134;3135;3136;3137,horizontal_80cm|line|9:1
155,S4_D80_X90_Y45.6_Z20,80.0,90.0,45.6,20.0,line,horizontal_80cm,excluded_interior,False,3132,1,ring11andring12,9:1,3128;3129;3130;3131;3132;3133;3134;3135;3136,horizontal_80cm|line|9:1
156,S4_D80_X90_Y52.8_Z20,80.0,90.0,52.8,20.0,ring,horizontal_80cm,excluded_interior,False,3129;3130;3131,3,ring11,9:3,3125;3126;3127;3128;3129;3130;3131;3132;3133;3134;3135,horizontal_80cm|ring|9:3
157,S4_D80_X90_Y60_Z20,80.0,90.0,60.0,20.0,line,horizontal_80cm,excluded_interior,False,3128,1,ring10andring11,9:1,3124;3125;3126;3127;3128;3129;3130;3131;3132,horizontal_80cm|line|9:1
158,S4_D80_X90_Y80_Z20,80.0,90.0,80.0,20.0,line,horizontal_80cm,excluded_interior,False,3127,1,ring10andring11,9:1,3123;3124;3125;3126;3127;3128;3129;3130;3131,horizontal_80cm|line|9:1
159,S4_D80_X90_Y87.2_Z20,80.0,90.0,87.2,20.0,ring,horizontal_80cm,excluded_interior,False,3124;3125;3126,3,ring10,9:3,3120;3121;3122;3123;3124;3125;3126;3127;3128;3129;3130,horizontal_80cm|ring|9:3
160,S4_D80_X90_Y94.4_Z20,80.0,90.0,94.4,20.0,line,horizontal_80cm,excluded_interior,False,3123,1,ring09andring10,9:1,3119;3120;3121;3122;3123;3124;3125;3126;3127,horizontal_80cm|line|9:1
161,S4_D80_X90_Y114.4_Z20,80.0,90.0,114.4,20.0,line,horizontal_80cm,excluded_interior,False,3122,1,ring09andring10,9:1,3118;3119;3120;3121;3122;3123;3124;3125;3126,horizontal_80cm|line|9:1
162,S4_D80_X90_Y121.6_Z20,80.0,90.0,121.6,20.0,ring,horizontal_80cm,excluded_interior,False,3119;3120;3121,3,ring09,9:3,3115;3116;3117;3118;3119;3120;3121;3122;3123;3124;3125,horizontal_80cm|ring|9:3
163,S4_D80_X120_Y18.4_Z20,80.0,120.0,18.4,20.0,ring,horizontal_80cm,excluded_interior,False,3099;3100;3101,3,ring05,9:3,3095;3096;3097;3098;3099;3100;3101;3102;3103;3104;3105,horizontal_80cm|ring|9:3
164,S4_D80_X120_Y25.6_Z20,80.0,120.0,25.6,20.0,line,horizontal_80cm,excluded_interior,False,3102,1,ring05andring06,9:1,3098;3099;3100;3101;3102;3103;3104;3105;3106,horizontal_80cm|line|9:1
165,S4_D80_X120_Y45.6_Z20,80.0,120.0,45.6,20.0,line,horizontal_80cm,excluded_interior,False,3103,1,ring05andring06,9:1,3099;3100;3101;3102;3103;3104;3105;3106;3107,horizontal_80cm|line|9:1
166,S4_D80_X120_Y52.8_Z20,80.0,120.0,52.8,20.0,ring,horizontal_80cm,excluded_interior,False,3104;3105;3106,3,ring06,9:3,3100;3101;3102;3103;3104;3105;3106;3107;3108;3109;3110,horizontal_80cm|ring|9:3
167,S4_D80_X120_Y60_Z20,80.0,120.0,60.0,20.0,line,horizontal_80cm,excluded_interior,False,3107,1,ring06andring07,9:1,3103;3104;3105;3106;3107;3108;3109;3110;3111,horizontal_80cm|line|9:1
168,S4_D80_X120_Y80_Z20,80.0,120.0,80.0,20.0,line,horizontal_80cm,excluded_interior,False,3108,1,ring06andring07,9:1,3104;3105;3106;3107;3108;3109;3110;3111;3112,horizontal_80cm|line|9:1
169,S4_D80_X120_Y87.2_Z20,80.0,120.0,87.2,20.0,ring,horizontal_80cm,excluded_interior,False,3109;3110;3111,3,ring07,9:3,3105;3106;3107;3108;3109;3110;3111;3112;3113;3114;3115,horizontal_80cm|ring|9:3
170,S4_D80_X120_Y94.4_Z20,80.0,120.0,94.4,20.0,line,horizontal_80cm,excluded_interior,False,3112,1,ring07andring08,9:1,3108;3109;3110;3111;3112;3113;3114;3115;3116,horizontal_80cm|line|9:1
171,S4_D80_X120_Y114.4_Z20,80.0,120.0,114.4,20.0,line,horizontal_80cm,excluded_interior,False,3113,1,ring07andring08,9:1,3109;3110;3111;3112;3113;3114;3115;3116;3117,horizontal_80cm|line|9:1
172,S4_D80_X120_Y121.6_Z20,80.0,120.0,121.6,20.0,ring,horizontal_80cm,excluded_interior,False,3114;3115;3116,3,ring08,9:3,3110;3111;3112;3113;3114;3115;3116;3117;3118;3119;3120,horizontal_80cm|ring|9:3
173,S4_D80_X150_Y18.4_Z20,80.0,150.0,18.4,20.0,ring,horizontal_80cm,near_face_80cm,True,3094;3095;3096,3,ring04,9:3,3090;3091;3092;3093;3094;3095;3096;3097;3098;3099;3100,horizontal_80cm|ring|9:3
174,S4_D80_X150_Y25.6_Z20,80.0,150.0,25.6,20.0,line,horizontal_80cm,near_face_80cm,True,3093,1,ring03andring04,9:1,3089;3090;3091;3092;3093;3094;3095;3096;3097,horizontal_80cm|line|9:1
175,S4_D80_X150_Y45.6_Z20,80.0,150.0,45.6,20.0,line,horizontal_80cm,near_face_80cm,True,3092,1,ring03andring04,9:1,3088;3089;3090;3091;3092;3093;3094;3095;3096,horizontal_80cm|line|9:1
176,S4_D80_X150_Y52.8_Z20,80.0,150.0,52.8,20.0,ring,horizontal_80cm,near_face_80cm,True,3089;3090;3091,3,ring03,9:3,3085;3086;3087;3088;3089;3090;3091;3092;3093;3094;3095,horizontal_80cm|ring|9:3
177,S4_D80_X150_Y60_Z20,80.0,150.0,60.0,20.0,line,horizontal_80cm,near_face_80cm,True,3088,1,ring02andring03,9:1,3084;3085;3086;3087;3088;3089;3090;3091;3092,horizontal_80cm|line|9:1
178,S4_D80_X150_Y80_Z20,80.0,150.0,80.0,20.0,line,horizontal_80cm,near_face_80cm,True,3087,1,ring02andring03,9:1,3083;3084;3085;3086;3087;3088;3089;3090;3091,horizontal_80cm|line|9:1
179,S4_D80_X150_Y87.2_Z20,80.0,150.0,87.2,20.0,ring,horizontal_80cm,near_face_80cm,True,3084;3085;3086,3,ring02,9:3,3080;3081;3082;3083;3084;3085;3086;3087;3088;3089;3090,horizontal_80cm|ring|9:3
180,S4_D80_X150_Y94.4_Z20,80.0,150.0,94.4,20.0,line,horizontal_80cm,near_face_80cm,True,3083,1,ring01andring02,9:1,3079;3080;3081;3082;3083;3084;3085;3086;3087,horizontal_80cm|line|9:1
181,S4_D80_X150_Y114.4_Z20,80.0,150.0,114.4,20.0,line,horizontal_80cm,near_face_80cm,True,3082,1,ring01andring02,8:1,3079;3080;3081;3082;3083;3084;3085;3086,horizontal_80cm|line|8:1
182,S4_D80_X150_Y121.6_Z20,80.0,150.0,121.6,20.0,ring,horizontal_80cm,near_face_80cm,True,3079;3080;3081,3,ring01,5:1;6:1;7:1,3079;3080;3081;3082;3083;3084;3085,horizontal_80cm|ring|5:1;6:1;7:1
