node_i,node_j,distance_cm,weight,node_id_i,node_id_j,shared_geometric_gauge_channels
0,1,20.0,1.0,S4_D2_X20_Y20_Z98,S4_D2_X20_Y40_Z98,8
0,5,20.0,1.0,S4_D2_X20_Y20_Z98,S4_D2_X40_Y20_Z98,8
0,6,28.284271247461902,1.0,S4_D2_X20_Y20_Z98,S4_D2_X40_Y40_Z98,7
0,63,20.653329029480936,1.0,S4_D2_X20_Y20_Z98,S4_D20_X30_Y18.4_Z80,0
0,64,21.339165869358624,1.0,S4_D2_X20_Y20_Z98,S4_D20_X30_Y25.6_Z80,0
0,65,32.85361471740971,1.0,S4_D2_X20_Y20_Z98,S4_D20_X30_Y45.6_Z80,0
1,2,20.0,1.0,S4_D2_X20_Y40_Z98,S4_D2_X20_Y60_Z98,7
1,5,28.284271247461902,1.0,S4_D2_X20_Y40_Z98,S4_D2_X40_Y20_Z98,0
1,6,20.0,1.0,S4_D2_X20_Y40_Z98,S4_D2_X40_Y40_Z98,0
1,7,28.284271247461902,1.0,S4_D2_X20_Y40_Z98,S4_D2_X40_Y60_Z98,0
1,63,29.84225192575118,1.0,S4_D2_X20_Y40_Z98,S4_D20_X30_Y18.4_Z80,0
1,64,25.126878039263055,1.0,S4_D2_X20_Y40_Z98,S4_D20_X30_Y25.6_Z80,0
1,65,21.339165869358624,1.0,S4_D2_X20_Y40_Z98,S4_D20_X30_Y45.6_Z80,0
1,66,24.24541193710678,1.0,S4_D2_X20_Y40_Z98,S4_D20_X30_Y52.8_Z80,0
1,67,28.705400188814647,1.0,S4_D2_X20_Y40_Z98,S4_D20_X30_Y60_Z80,0
2,3,20.0,1.0,S4_D2_X20_Y60_Z98,S4_D2_X20_Y80_Z98,6
2,6,28.284271247461902,1.0,S4_D2_X20_Y60_Z98,S4_D2_X40_Y40_Z98,0
2,7,20.0,1.0,S4_D2_X20_Y60_Z98,S4_D2_X40_Y60_Z98,0
2,8,28.284271247461902,1.0,S4_D2_X20_Y60_Z98,S4_D2_X40_Y80_Z98,0
2,65,25.126878039263055,1.0,S4_D2_X20_Y60_Z98,S4_D20_X30_Y45.6_Z80,0
2,66,21.81375712709757,1.0,S4_D2_X20_Y60_Z98,S4_D20_X30_Y52.8_Z80,0
2,67,20.591260281974,1.0,S4_D2_X20_Y60_Z98,S4_D20_X30_Y60_Z80,0
2,68,28.705400188814647,1.0,S4_D2_X20_Y60_Z98,S4_D20_X30_Y80_Z80,0
2,69,34.11509929635264,1.0,S4_D2_X20_Y60_Z98,S4_D20_X30_Y87.2_Z80,0
3,4,20.0,1.0,S4_D2_X20_Y80_Z98,S4_D2_X20_Y100_Z98,5
3,7,28.284271247461902,1.0,S4_D2_X20_Y80_Z98,S4_D2_X40_Y60_Z98,0
3,8,20.0,1.0,S4_D2_X20_Y80_Z98,S4_D2_X40_Y80_Z98,0
3,9,28.284271247461902,1.0,S4_D2_X20_Y80_Z98,S4_D2_X40_Y100_Z98,0
3,66,34.11509929635264,1.0,S4_D2_X20_Y80_Z98,S4_D20_X30_Y52.8_Z80,0
3,67,28.705400188814647,1.0,S4_D2_X20_Y80_Z98,S4_D20_X30_Y60_Z80,0
3,68,20.591260281974,1.0,S4_D2_X20_Y80_Z98,S4_D20_X30_Y80_Z80,0
3,69,21.81375712709757,1.0,S4_D2_X20_Y80_Z98,S4_D20_X30_Y87.2_Z80,0
3,70,25.126878039263058,1.0,S4_D2_X20_Y80_Z98,S4_D20_X30_Y94.4_Z80,0
4,8,28.284271247461902,1.0,S4_D2_X20_Y100_Z98,S4_D2_X40_Y80_Z98,0
4,9,20.0,1.0,S4_D2_X20_Y100_Z98,S4_D2_X40_Y100_Z98,0
4,10,28.284271247461902,1.0,S4_D2_X20_Y100_Z98,S4_D2_X40_Y120_Z98,0
4,68,28.705400188814647,1.0,S4_D2_X20_Y100_Z98,S4_D20_X30_Y80_Z80,0
4,69,24.24541193710678,1.0,S4_D2_X20_Y100_Z98,S4_D20_X30_Y87.2_Z80,0
4,70,21.33916586935862,1.0,S4_D2_X20_Y100_Z98,S4_D20_X30_Y94.4_Z80,0
4,71,25.126878039263058,1.0,S4_D2_X20_Y100_Z98,S4_D20_X30_Y114.4_Z80,0
4,72,29.842251925751174,1.0,S4_D2_X20_Y100_Z98,S4_D20_X30_Y121.6_Z80,0
5,6,20.0,1.0,S4_D2_X40_Y20_Z98,S4_D2_X40_Y40_Z98,8
5,11,20.0,1.0,S4_D2_X40_Y20_Z98,S4_D2_X60_Y20_Z98,0
5,12,28.284271247461902,1.0,S4_D2_X40_Y20_Z98,S4_D2_X60_Y40_Z98,0
5,63,20.653329029480936,1.0,S4_D2_X40_Y20_Z98,S4_D20_X30_Y18.4_Z80,0
5,64,21.339165869358624,1.0,S4_D2_X40_Y20_Z98,S4_D20_X30_Y25.6_Z80,0
5,65,32.85361471740971,1.0,S4_D2_X40_Y20_Z98,S4_D20_X30_Y45.6_Z80,0
5,73,26.954776942130312,1.0,S4_D2_X40_Y20_Z98,S4_D20_X60_Y18.4_Z80,0
5,74,27.483813418083017,1.0,S4_D2_X40_Y20_Z98,S4_D20_X60_Y25.6_Z80,0
6,7,20.0,1.0,S4_D2_X40_Y40_Z98,S4_D2_X40_Y60_Z98,8
6,11,28.284271247461902,1.0,S4_D2_X40_Y40_Z98,S4_D2_X60_Y20_Z98,0
6,12,20.0,1.0,S4_D2_X40_Y40_Z98,S4_D2_X60_Y40_Z98,0
6,13,28.284271247461902,1.0,S4_D2_X40_Y40_Z98,S4_D2_X60_Y60_Z98,0
6,63,29.84225192575118,1.0,S4_D2_X40_Y40_Z98,S4_D20_X30_Y18.4_Z80,0
6,64,25.126878039263055,1.0,S4_D2_X40_Y40_Z98,S4_D20_X30_Y25.6_Z80,0
6,65,21.339165869358624,1.0,S4_D2_X40_Y40_Z98,S4_D20_X30_Y45.6_Z80,0
6,66,24.24541193710678,1.0,S4_D2_X40_Y40_Z98,S4_D20_X30_Y52.8_Z80,0
6,67,28.705400188814647,1.0,S4_D2_X40_Y40_Z98,S4_D20_X30_Y60_Z80,0
6,73,34.504492461127434,1.0,S4_D2_X40_Y40_Z98,S4_D20_X60_Y18.4_Z80,0
6,74,30.518191296339957,1.0,S4_D2_X40_Y40_Z98,S4_D20_X60_Y25.6_Z80,0
6,75,27.483813418083017,1.0,S4_D2_X40_Y40_Z98,S4_D20_X60_Y45.6_Z80,0
6,76,29.79664410634191,1.0,S4_D2_X40_Y40_Z98,S4_D20_X60_Y52.8_Z80,0
6,77,33.52610922848042,1.0,S4_D2_X40_Y40_Z98,S4_D20_X60_Y60_Z80,0
7,8,20.0,1.0,S4_D2_X40_Y60_Z98,S4_D2_X40_Y80_Z98,8
7,12,28.284271247461902,1.0,S4_D2_X40_Y60_Z98,S4_D2_X60_Y40_Z98,0
7,13,20.0,1.0,S4_D2_X40_Y60_Z98,S4_D2_X60_Y60_Z98,0
7,14,28.284271247461902,1.0,S4_D2_X40_Y60_Z98,S4_D2_X60_Y80_Z98,0
7,65,25.126878039263055,1.0,S4_D2_X40_Y60_Z98,S4_D20_X30_Y45.6_Z80,0
7,66,21.81375712709757,1.0,S4_D2_X40_Y60_Z98,S4_D20_X30_Y52.8_Z80,0
7,67,20.591260281974,1.0,S4_D2_X40_Y60_Z98,S4_D20_X30_Y60_Z80,0
7,68,28.705400188814647,1.0,S4_D2_X40_Y60_Z98,S4_D20_X30_Y80_Z80,0
7,69,34.11509929635264,1.0,S4_D2_X40_Y60_Z98,S4_D20_X30_Y87.2_Z80,0
7,75,30.518191296339957,1.0,S4_D2_X40_Y60_Z98,S4_D20_X60_Y45.6_Z80,0
7,76,27.853904573685895,1.0,S4_D2_X40_Y60_Z98,S4_D20_X60_Y52.8_Z80,0
7,77,26.90724809414742,1.0,S4_D2_X40_Y60_Z98,S4_D20_X60_Y60_Z80,0
7,78,33.52610922848042,1.0,S4_D2_X40_Y60_Z98,S4_D20_X60_Y80_Z80,0
8,9,20.0,1.0,S4_D2_X40_Y80_Z98,S4_D2_X40_Y100_Z98,8
8,13,28.284271247461902,1.0,S4_D2_X40_Y80_Z98,S4_D2_X60_Y60_Z98,0
8,14,20.0,1.0,S4_D2_X40_Y80_Z98,S4_D2_X60_Y80_Z98,0
8,15,28.284271247461902,1.0,S4_D2_X40_Y80_Z98,S4_D2_X60_Y100_Z98,0
8,66,34.11509929635264,1.0,S4_D2_X40_Y80_Z98,S4_D20_X30_Y52.8_Z80,0
8,67,28.705400188814647,1.0,S4_D2_X40_Y80_Z98,S4_D20_X30_Y60_Z80,0
8,68,20.591260281974,1.0,S4_D2_X40_Y80_Z98,S4_D20_X30_Y80_Z80,0
8,69,21.81375712709757,1.0,S4_D2_X40_Y80_Z98,S4_D20_X30_Y87.2_Z80,0
8,70,25.126878039263058,1.0,S4_D2_X40_Y80_Z98,S4_D20_X30_Y94.4_Z80,0
8,77,33.52610922848042,1.0,S4_D2_X40_Y80_Z98,S4_D20_X60_Y60_Z80,0
8,78,26.90724809414742,1.0,S4_D2_X40_Y80_Z98,S4_D20_X60_Y80_Z80,0
8,79,27.853904573685895,1.0,S4_D2_X40_Y80_Z98,S4_D20_X60_Y87.2_Z80,0
8,80,30.51819129633996,1.0,S4_D2_X40_Y80_Z98,S4_D20_X60_Y94.4_Z80,0
9,10,20.0,1.0,S4_D2_X40_Y100_Z98,S4_D2_X40_Y120_Z98,8
9,14,28.284271247461902,1.0,S4_D2_X40_Y100_Z98,S4_D2_X60_Y80_Z98,0
9,15,20.0,1.0,S4_D2_X40_Y100_Z98,S4_D2_X60_Y100_Z98,0
9,16,28.284271247461902,1.0,S4_D2_X40_Y100_Z98,S4_D2_X60_Y120_Z98,0
9,68,28.705400188814647,1.0,S4_D2_X40_Y100_Z98,S4_D20_X30_Y80_Z80,0
9,69,24.24541193710678,1.0,S4_D2_X40_Y100_Z98,S4_D20_X30_Y87.2_Z80,0
9,70,21.33916586935862,1.0,S4_D2_X40_Y100_Z98,S4_D20_X30_Y94.4_Z80,0
9,71,25.126878039263058,1.0,S4_D2_X40_Y100_Z98,S4_D20_X30_Y114.4_Z80,0
9,72,29.842251925751174,1.0,S4_D2_X40_Y100_Z98,S4_D20_X30_Y121.6_Z80,0
9,78,33.52610922848042,1.0,S4_D2_X40_Y100_Z98,S4_D20_X60_Y80_Z80,0
9,79,29.79664410634191,1.0,S4_D2_X40_Y100_Z98,S4_D20_X60_Y87.2_Z80,0
9,80,27.483813418083013,1.0,S4_D2_X40_Y100_Z98,S4_D20_X60_Y94.4_Z80,0
9,81,30.51819129633996,1.0,S4_D2_X40_Y100_Z98,S4_D20_X60_Y114.4_Z80,0
9,82,34.504492461127434,1.0,S4_D2_X40_Y100_Z98,S4_D20_X60_Y121.6_Z80,0
10,15,28.284271247461902,1.0,S4_D2_X40_Y120_Z98,S4_D2_X60_Y100_Z98,7
10,16,20.0,1.0,S4_D2_X40_Y120_Z98,S4_D2_X60_Y120_Z98,8
10,70,32.853614717409705,1.0,S4_D2_X40_Y120_Z98,S4_D20_X30_Y94.4_Z80,0
10,71,21.33916586935862,1.0,S4_D2_X40_Y120_Z98,S4_D20_X30_Y114.4_Z80,0
10,72,20.653329029480936,1.0,S4_D2_X40_Y120_Z98,S4_D20_X30_Y121.6_Z80,0
10,81,27.483813418083013,1.0,S4_D2_X40_Y120_Z98,S4_D20_X60_Y114.4_Z80,0
10,82,26.954776942130312,1.0,S4_D2_X40_Y120_Z98,S4_D20_X60_Y121.6_Z80,0
11,12,20.0,1.0,S4_D2_X60_Y20_Z98,S4_D2_X60_Y40_Z98,8
11,17,20.0,1.0,S4_D2_X60_Y20_Z98,S4_D2_X80_Y20_Z98,8
11,18,28.284271247461902,1.0,S4_D2_X60_Y20_Z98,S4_D2_X80_Y40_Z98,7
11,23,25.0,1.0,S4_D2_X60_Y20_Z98,S4_D2_X85_Y20_Z98,0
11,24,32.802438933713454,1.0,S4_D2_X60_Y20_Z98,S4_D2_X86_Y40_Z98,0
11,29,35.0,1.0,S4_D2_X60_Y20_Z98,S4_D2_X95_Y20_Z98,0
11,73,18.07097119692243,1.0,S4_D2_X60_Y20_Z98,S4_D20_X60_Y18.4_Z80,0
11,74,18.850994668717085,1.0,S4_D2_X60_Y20_Z98,S4_D20_X60_Y25.6_Z80,0
11,75,31.29472799050984,1.0,S4_D2_X60_Y20_Z98,S4_D20_X60_Y45.6_Z80,0
12,13,20.0,1.0,S4_D2_X60_Y40_Z98,S4_D2_X60_Y60_Z98,8
12,17,28.284271247461902,1.0,S4_D2_X60_Y40_Z98,S4_D2_X80_Y20_Z98,0
12,18,20.0,1.0,S4_D2_X60_Y40_Z98,S4_D2_X80_Y40_Z98,0
12,19,28.284271247461902,1.0,S4_D2_X60_Y40_Z98,S4_D2_X80_Y60_Z98,0
12,23,32.01562118716424,1.0,S4_D2_X60_Y40_Z98,S4_D2_X85_Y20_Z98,0
12,24,26.0,1.0,S4_D2_X60_Y40_Z98,S4_D2_X86_Y40_Z98,0
12,25,33.60059523282288,1.0,S4_D2_X60_Y40_Z98,S4_D2_X87_Y60_Z98,0
12,30,35.0,1.0,S4_D2_X60_Y40_Z98,S4_D2_X95_Y40_Z98,0
12,73,28.116898833263956,1.0,S4_D2_X60_Y40_Z98,S4_D20_X60_Y18.4_Z80,0
12,74,23.051247254758252,1.0,S4_D2_X60_Y40_Z98,S4_D20_X60_Y25.6_Z80,0
12,75,18.850994668717085,1.0,S4_D2_X60_Y40_Z98,S4_D20_X60_Y45.6_Z80,0
12,76,22.087100307645635,1.0,S4_D2_X60_Y40_Z98,S4_D20_X60_Y52.8_Z80,0
12,77,26.90724809414742,1.0,S4_D2_X60_Y40_Z98,S4_D20_X60_Y60_Z80,0
13,14,20.0,1.0,S4_D2_X60_Y60_Z98,S4_D2_X60_Y80_Z98,8
13,18,28.284271247461902,1.0,S4_D2_X60_Y60_Z98,S4_D2_X80_Y40_Z98,0
13,19,20.0,1.0,S4_D2_X60_Y60_Z98,S4_D2_X80_Y60_Z98,0
13,20,28.284271247461902,1.0,S4_D2_X60_Y60_Z98,S4_D2_X80_Y80_Z98,0
13,24,32.802438933713454,1.0,S4_D2_X60_Y60_Z98,S4_D2_X86_Y40_Z98,0
13,25,27.0,1.0,S4_D2_X60_Y60_Z98,S4_D2_X87_Y60_Z98,0
13,26,34.40930106817051,1.0,S4_D2_X60_Y60_Z98,S4_D2_X88_Y80_Z98,0
13,31,35.0,1.0,S4_D2_X60_Y60_Z98,S4_D2_X95_Y60_Z98,0
13,67,34.9857113690718,1.0,S4_D2_X60_Y60_Z98,S4_D20_X30_Y60_Z80,0
13,75,23.051247254758252,1.0,S4_D2_X60_Y60_Z98,S4_D20_X60_Y45.6_Z80,0
13,76,19.386593305684215,1.0,S4_D2_X60_Y60_Z98,S4_D20_X60_Y52.8_Z80,0
13,77,18.0,1.0,S4_D2_X60_Y60_Z98,S4_D20_X60_Y60_Z80,0
13,78,26.90724809414742,1.0,S4_D2_X60_Y60_Z98,S4_D20_X60_Y80_Z80,0
13,79,32.61656021103391,1.0,S4_D2_X60_Y60_Z98,S4_D20_X60_Y87.2_Z80,0
13,87,34.9857113690718,1.0,S4_D2_X60_Y60_Z98,S4_D20_X90_Y60_Z80,0
14,15,20.0,1.0,S4_D2_X60_Y80_Z98,S4_D2_X60_Y100_Z98,8
14,19,28.284271247461902,1.0,S4_D2_X60_Y80_Z98,S4_D2_X80_Y60_Z98,0
14,20,20.0,1.0,S4_D2_X60_Y80_Z98,S4_D2_X80_Y80_Z98,0
14,21,28.284271247461902,1.0,S4_D2_X60_Y80_Z98,S4_D2_X80_Y100_Z98,0
14,25,33.60059523282288,1.0,S4_D2_X60_Y80_Z98,S4_D2_X87_Y60_Z98,0
14,26,28.0,1.0,S4_D2_X60_Y80_Z98,S4_D2_X88_Y80_Z98,0
14,32,35.0,1.0,S4_D2_X60_Y80_Z98,S4_D2_X95_Y80_Z98,0
14,68,34.9857113690718,1.0,S4_D2_X60_Y80_Z98,S4_D20_X30_Y80_Z80,0
14,76,32.61656021103391,1.0,S4_D2_X60_Y80_Z98,S4_D20_X60_Y52.8_Z80,0
14,77,26.90724809414742,1.0,S4_D2_X60_Y80_Z98,S4_D20_X60_Y60_Z80,0
14,78,18.0,1.0,S4_D2_X60_Y80_Z98,S4_D20_X60_Y80_Z80,0
14,79,19.386593305684215,1.0,S4_D2_X60_Y80_Z98,S4_D20_X60_Y87.2_Z80,0
14,80,23.05124725475826,1.0,S4_D2_X60_Y80_Z98,S4_D20_X60_Y94.4_Z80,0
14,88,34.9857113690718,1.0,S4_D2_X60_Y80_Z98,S4_D20_X90_Y80_Z80,0
15,16,20.0,1.0,S4_D2_X60_Y100_Z98,S4_D2_X60_Y120_Z98,8
15,20,28.284271247461902,1.0,S4_D2_X60_Y100_Z98,S4_D2_X80_Y80_Z98,0
15,21,20.0,1.0,S4_D2_X60_Y100_Z98,S4_D2_X80_Y100_Z98,0
15,22,28.284271247461902,1.0,S4_D2_X60_Y100_Z98,S4_D2_X80_Y120_Z98,0
15,26,34.40930106817051,1.0,S4_D2_X60_Y100_Z98,S4_D2_X88_Y80_Z98,0
15,27,29.0,1.0,S4_D2_X60_Y100_Z98,S4_D2_X89_Y100_Z98,0
15,33,35.0,1.0,S4_D2_X60_Y100_Z98,S4_D2_X95_Y100_Z98,0
15,78,26.90724809414742,1.0,S4_D2_X60_Y100_Z98,S4_D20_X60_Y80_Z80,0
15,79,22.087100307645635,1.0,S4_D2_X60_Y100_Z98,S4_D20_X60_Y87.2_Z80,0
15,80,18.850994668717085,1.0,S4_D2_X60_Y100_Z98,S4_D20_X60_Y94.4_Z80,0
15,81,23.05124725475826,1.0,S4_D2_X60_Y100_Z98,S4_D20_X60_Y114.4_Z80,0
15,82,28.11689883326395,1.0,S4_D2_X60_Y100_Z98,S4_D20_X60_Y121.6_Z80,0
16,21,28.284271247461902,1.0,S4_D2_X60_Y120_Z98,S4_D2_X80_Y100_Z98,0
16,22,20.0,1.0,S4_D2_X60_Y120_Z98,S4_D2_X80_Y120_Z98,0
16,28,29.0,1.0,S4_D2_X60_Y120_Z98,S4_D2_X89_Y120_Z98,0
16,80,31.294727990509834,1.0,S4_D2_X60_Y120_Z98,S4_D20_X60_Y94.4_Z80,0
16,81,18.850994668717085,1.0,S4_D2_X60_Y120_Z98,S4_D20_X60_Y114.4_Z80,0
16,82,18.07097119692243,1.0,S4_D2_X60_Y120_Z98,S4_D20_X60_Y121.6_Z80,0
17,18,20.0,1.0,S4_D2_X80_Y20_Z98,S4_D2_X80_Y40_Z98,8
17,23,5.0,1.0,S4_D2_X80_Y20_Z98,S4_D2_X85_Y20_Z98,0
17,24,20.8806130178211,1.0,S4_D2_X80_Y20_Z98,S4_D2_X86_Y40_Z98,0
17,29,15.0,1.0,S4_D2_X80_Y20_Z98,S4_D2_X95_Y20_Z98,0
17,30,25.0,1.0,S4_D2_X80_Y20_Z98,S4_D2_X95_Y40_Z98,0
17,73,26.954776942130312,1.0,S4_D2_X80_Y20_Z98,S4_D20_X60_Y18.4_Z80,0
17,74,27.483813418083017,1.0,S4_D2_X80_Y20_Z98,S4_D20_X60_Y25.6_Z80,0
17,83,20.653329029480936,1.0,S4_D2_X80_Y20_Z98,S4_D20_X90_Y18.4_Z80,0
17,84,21.339165869358624,1.0,S4_D2_X80_Y20_Z98,S4_D20_X90_Y25.6_Z80,0
17,85,32.85361471740971,1.0,S4_D2_X80_Y20_Z98,S4_D20_X90_Y45.6_Z80,0
18,19,20.0,1.0,S4_D2_X80_Y40_Z98,S4_D2_X80_Y60_Z98,8
18,23,20.615528128088304,1.0,S4_D2_X80_Y40_Z98,S4_D2_X85_Y20_Z98,0
18,24,6.0,1.0,S4_D2_X80_Y40_Z98,S4_D2_X86_Y40_Z98,0
18,25,21.18962010041709,1.0,S4_D2_X80_Y40_Z98,S4_D2_X87_Y60_Z98,0
18,29,25.0,1.0,S4_D2_X80_Y40_Z98,S4_D2_X95_Y20_Z98,0
18,30,15.0,1.0,S4_D2_X80_Y40_Z98,S4_D2_X95_Y40_Z98,0
18,31,25.0,1.0,S4_D2_X80_Y40_Z98,S4_D2_X95_Y60_Z98,0
18,73,34.504492461127434,1.0,S4_D2_X80_Y40_Z98,S4_D20_X60_Y18.4_Z80,0
18,74,30.518191296339957,1.0,S4_D2_X80_Y40_Z98,S4_D20_X60_Y25.6_Z80,0
18,75,27.483813418083017,1.0,S4_D2_X80_Y40_Z98,S4_D20_X60_Y45.6_Z80,0
18,76,29.79664410634191,1.0,S4_D2_X80_Y40_Z98,S4_D20_X60_Y52.8_Z80,0
18,77,33.52610922848042,1.0,S4_D2_X80_Y40_Z98,S4_D20_X60_Y60_Z80,0
18,83,29.84225192575118,1.0,S4_D2_X80_Y40_Z98,S4_D20_X90_Y18.4_Z80,0
18,84,25.126878039263055,1.0,S4_D2_X80_Y40_Z98,S4_D20_X90_Y25.6_Z80,0
18,85,21.339165869358624,1.0,S4_D2_X80_Y40_Z98,S4_D20_X90_Y45.6_Z80,0
18,86,24.24541193710678,1.0,S4_D2_X80_Y40_Z98,S4_D20_X90_Y52.8_Z80,0
18,87,28.705400188814647,1.0,S4_D2_X80_Y40_Z98,S4_D20_X90_Y60_Z80,0
19,20,20.0,1.0,S4_D2_X80_Y60_Z98,S4_D2_X80_Y80_Z98,8
19,24,20.8806130178211,1.0,S4_D2_X80_Y60_Z98,S4_D2_X86_Y40_Z98,0
19,25,7.0,1.0,S4_D2_X80_Y60_Z98,S4_D2_X87_Y60_Z98,0
19,26,21.540659228538015,1.0,S4_D2_X80_Y60_Z98,S4_D2_X88_Y80_Z98,0
19,30,25.0,1.0,S4_D2_X80_Y60_Z98,S4_D2_X95_Y40_Z98,0
19,31,15.0,1.0,S4_D2_X80_Y60_Z98,S4_D2_X95_Y60_Z98,0
19,32,25.0,1.0,S4_D2_X80_Y60_Z98,S4_D2_X95_Y80_Z98,0
19,75,30.518191296339957,1.0,S4_D2_X80_Y60_Z98,S4_D20_X60_Y45.6_Z80,0
19,76,27.853904573685895,1.0,S4_D2_X80_Y60_Z98,S4_D20_X60_Y52.8_Z80,0
19,77,26.90724809414742,1.0,S4_D2_X80_Y60_Z98,S4_D20_X60_Y60_Z80,0
19,78,33.52610922848042,1.0,S4_D2_X80_Y60_Z98,S4_D20_X60_Y80_Z80,0
19,85,25.126878039263055,1.0,S4_D2_X80_Y60_Z98,S4_D20_X90_Y45.6_Z80,0
19,86,21.81375712709757,1.0,S4_D2_X80_Y60_Z98,S4_D20_X90_Y52.8_Z80,0
19,87,20.591260281974,1.0,S4_D2_X80_Y60_Z98,S4_D20_X90_Y60_Z80,0
19,88,28.705400188814647,1.0,S4_D2_X80_Y60_Z98,S4_D20_X90_Y80_Z80,0
19,89,34.11509929635264,1.0,S4_D2_X80_Y60_Z98,S4_D20_X90_Y87.2_Z80,0
20,21,20.0,1.0,S4_D2_X80_Y80_Z98,S4_D2_X80_Y100_Z98,8
20,25,21.18962010041709,1.0,S4_D2_X80_Y80_Z98,S4_D2_X87_Y60_Z98,0
20,26,8.0,1.0,S4_D2_X80_Y80_Z98,S4_D2_X88_Y80_Z98,0
20,27,21.93171219946131,1.0,S4_D2_X80_Y80_Z98,S4_D2_X89_Y100_Z98,0
20,31,25.0,1.0,S4_D2_X80_Y80_Z98,S4_D2_X95_Y60_Z98,0
20,32,15.0,1.0,S4_D2_X80_Y80_Z98,S4_D2_X95_Y80_Z98,0
20,33,25.0,1.0,S4_D2_X80_Y80_Z98,S4_D2_X95_Y100_Z98,0
20,77,33.52610922848042,1.0,S4_D2_X80_Y80_Z98,S4_D20_X60_Y60_Z80,0
20,78,26.90724809414742,1.0,S4_D2_X80_Y80_Z98,S4_D20_X60_Y80_Z80,0
20,79,27.853904573685895,1.0,S4_D2_X80_Y80_Z98,S4_D20_X60_Y87.2_Z80,0
20,80,30.51819129633996,1.0,S4_D2_X80_Y80_Z98,S4_D20_X60_Y94.4_Z80,0
20,86,34.11509929635264,1.0,S4_D2_X80_Y80_Z98,S4_D20_X90_Y52.8_Z80,0
20,87,28.705400188814647,1.0,S4_D2_X80_Y80_Z98,S4_D20_X90_Y60_Z80,0
20,88,20.591260281974,1.0,S4_D2_X80_Y80_Z98,S4_D20_X90_Y80_Z80,0
20,89,21.81375712709757,1.0,S4_D2_X80_Y80_Z98,S4_D20_X90_Y87.2_Z80,0
20,90,25.126878039263058,1.0,S4_D2_X80_Y80_Z98,S4_D20_X90_Y94.4_Z80,0
21,22,20.0,1.0,S4_D2_X80_Y100_Z98,S4_D2_X80_Y120_Z98,8
21,26,21.540659228538015,1.0,S4_D2_X80_Y100_Z98,S4_D2_X88_Y80_Z98,0
21,27,9.0,1.0,S4_D2_X80_Y100_Z98,S4_D2_X89_Y100_Z98,0
21,28,21.93171219946131,1.0,S4_D2_X80_Y100_Z98,S4_D2_X89_Y120_Z98,0
21,32,25.0,1.0,S4_D2_X80_Y100_Z98,S4_D2_X95_Y80_Z98,0
21,33,15.0,1.0,S4_D2_X80_Y100_Z98,S4_D2_X95_Y100_Z98,0
21,78,33.52610922848042,1.0,S4_D2_X80_Y100_Z98,S4_D20_X60_Y80_Z80,0
21,79,29.79664410634191,1.0,S4_D2_X80_Y100_Z98,S4_D20_X60_Y87.2_Z80,0
21,80,27.483813418083013,1.0,S4_D2_X80_Y100_Z98,S4_D20_X60_Y94.4_Z80,0
21,81,30.51819129633996,1.0,S4_D2_X80_Y100_Z98,S4_D20_X60_Y114.4_Z80,0
21,82,34.504492461127434,1.0,S4_D2_X80_Y100_Z98,S4_D20_X60_Y121.6_Z80,0
21,88,28.705400188814647,1.0,S4_D2_X80_Y100_Z98,S4_D20_X90_Y80_Z80,0
21,89,24.24541193710678,1.0,S4_D2_X80_Y100_Z98,S4_D20_X90_Y87.2_Z80,0
21,90,21.33916586935862,1.0,S4_D2_X80_Y100_Z98,S4_D20_X90_Y94.4_Z80,0
21,91,25.126878039263058,1.0,S4_D2_X80_Y100_Z98,S4_D20_X90_Y114.4_Z80,0
21,92,29.842251925751174,1.0,S4_D2_X80_Y100_Z98,S4_D20_X90_Y121.6_Z80,0
22,27,21.93171219946131,1.0,S4_D2_X80_Y120_Z98,S4_D2_X89_Y100_Z98,7
22,28,9.0,1.0,S4_D2_X80_Y120_Z98,S4_D2_X89_Y120_Z98,8
22,33,25.0,1.0,S4_D2_X80_Y120_Z98,S4_D2_X95_Y100_Z98,0
22,81,27.483813418083013,1.0,S4_D2_X80_Y120_Z98,S4_D20_X60_Y114.4_Z80,0
22,82,26.954776942130312,1.0,S4_D2_X80_Y120_Z98,S4_D20_X60_Y121.6_Z80,0
22,90,32.853614717409705,1.0,S4_D2_X80_Y120_Z98,S4_D20_X90_Y94.4_Z80,0
22,91,21.33916586935862,1.0,S4_D2_X80_Y120_Z98,S4_D20_X90_Y114.4_Z80,0
22,92,20.653329029480936,1.0,S4_D2_X80_Y120_Z98,S4_D20_X90_Y121.6_Z80,0
23,24,20.024984394500787,1.0,S4_D2_X85_Y20_Z98,S4_D2_X86_Y40_Z98,8
23,29,10.0,1.0,S4_D2_X85_Y20_Z98,S4_D2_X95_Y20_Z98,8
23,30,22.360679774997898,1.0,S4_D2_X85_Y20_Z98,S4_D2_X95_Y40_Z98,7
23,73,30.847366176061126,1.0,S4_D2_X85_Y20_Z98,S4_D20_X60_Y18.4_Z80,0
23,74,31.310701046127985,1.0,S4_D2_X85_Y20_Z98,S4_D20_X60_Y25.6_Z80,0
23,83,18.749933333214816,1.0,S4_D2_X85_Y20_Z98,S4_D20_X90_Y18.4_Z80,0
23,84,19.502820308868152,1.0,S4_D2_X85_Y20_Z98,S4_D20_X90_Y25.6_Z80,0
23,85,31.691639275998334,1.0,S4_D2_X85_Y20_Z98,S4_D20_X90_Y45.6_Z80,0
24,25,20.024984394500787,1.0,S4_D2_X86_Y40_Z98,S4_D2_X87_Y60_Z98,8
24,29,21.93171219946131,1.0,S4_D2_X86_Y40_Z98,S4_D2_X95_Y20_Z98,0
24,30,9.0,1.0,S4_D2_X86_Y40_Z98,S4_D2_X95_Y40_Z98,0
24,31,21.93171219946131,1.0,S4_D2_X86_Y40_Z98,S4_D2_X95_Y60_Z98,0
24,74,34.7470862087744,1.0,S4_D2_X86_Y40_Z98,S4_D20_X60_Y25.6_Z80,0
24,75,32.11479409867048,1.0,S4_D2_X86_Y40_Z98,S4_D20_X60_Y45.6_Z80,0
24,76,34.11509929635263,1.0,S4_D2_X86_Y40_Z98,S4_D20_X60_Y52.8_Z80,0
24,83,28.400000000000002,1.0,S4_D2_X86_Y40_Z98,S4_D20_X90_Y18.4_Z80,0
24,84,23.395726105423613,1.0,S4_D2_X86_Y40_Z98,S4_D20_X90_Y25.6_Z80,0
24,85,19.27070315271345,1.0,S4_D2_X86_Y40_Z98,S4_D20_X90_Y45.6_Z80,0
24,86,22.44638055455712,1.0,S4_D2_X86_Y40_Z98,S4_D20_X90_Y52.8_Z80,0
24,87,27.202941017470888,1.0,S4_D2_X86_Y40_Z98,S4_D20_X90_Y60_Z80,0
25,26,20.024984394500787,1.0,S4_D2_X87_Y60_Z98,S4_D2_X88_Y80_Z98,8
25,30,21.540659228538015,1.0,S4_D2_X87_Y60_Z98,S4_D2_X95_Y40_Z98,0
25,31,8.0,1.0,S4_D2_X87_Y60_Z98,S4_D2_X95_Y60_Z98,0
25,32,21.540659228538015,1.0,S4_D2_X87_Y60_Z98,S4_D2_X95_Y80_Z98,0
25,76,33.2391335627149,1.0,S4_D2_X87_Y60_Z98,S4_D20_X60_Y52.8_Z80,0
25,77,32.449961479175904,1.0,S4_D2_X87_Y60_Z98,S4_D20_X60_Y60_Z80,0
25,85,23.245644753372616,1.0,S4_D2_X87_Y60_Z98,S4_D20_X90_Y45.6_Z80,0
25,86,19.61733926912618,1.0,S4_D2_X87_Y60_Z98,S4_D20_X90_Y52.8_Z80,0
25,87,18.24828759089466,1.0,S4_D2_X87_Y60_Z98,S4_D20_X90_Y60_Z80,0
25,88,27.073972741361768,1.0,S4_D2_X87_Y60_Z98,S4_D20_X90_Y80_Z80,0
25,89,32.754236367224316,1.0,S4_D2_X87_Y60_Z98,S4_D20_X90_Y87.2_Z80,0
26,27,20.024984394500787,1.0,S4_D2_X88_Y80_Z98,S4_D2_X89_Y100_Z98,8
26,31,21.18962010041709,1.0,S4_D2_X88_Y80_Z98,S4_D2_X95_Y60_Z98,0
26,32,7.0,1.0,S4_D2_X88_Y80_Z98,S4_D2_X95_Y80_Z98,0
26,33,21.18962010041709,1.0,S4_D2_X88_Y80_Z98,S4_D2_X95_Y100_Z98,0
26,78,33.28663395418648,1.0,S4_D2_X88_Y80_Z98,S4_D20_X60_Y80_Z80,0
26,79,34.056423769973264,1.0,S4_D2_X88_Y80_Z98,S4_D20_X60_Y87.2_Z80,0
26,86,32.67782122480016,1.0,S4_D2_X88_Y80_Z98,S4_D20_X90_Y52.8_Z80,0
26,87,26.981475126464083,1.0,S4_D2_X88_Y80_Z98,S4_D20_X90_Y60_Z80,0
26,88,18.110770276274835,1.0,S4_D2_X88_Y80_Z98,S4_D20_X90_Y80_Z80,0
26,89,19.489484344127735,1.0,S4_D2_X88_Y80_Z98,S4_D20_X90_Y87.2_Z80,0
26,90,23.137847782367317,1.0,S4_D2_X88_Y80_Z98,S4_D20_X90_Y94.4_Z80,0
27,28,20.0,1.0,S4_D2_X89_Y100_Z98,S4_D2_X89_Y120_Z98,8
27,32,20.8806130178211,1.0,S4_D2_X89_Y100_Z98,S4_D2_X95_Y80_Z98,0
27,33,6.0,1.0,S4_D2_X89_Y100_Z98,S4_D2_X95_Y100_Z98,0
27,80,34.58843737435966,1.0,S4_D2_X89_Y100_Z98,S4_D20_X60_Y94.4_Z80,0
27,88,26.92582403567252,1.0,S4_D2_X89_Y100_Z98,S4_D20_X90_Y80_Z80,0
27,89,22.109726366465956,1.0,S4_D2_X89_Y100_Z98,S4_D20_X90_Y87.2_Z80,0
27,90,18.87749983445901,1.0,S4_D2_X89_Y100_Z98,S4_D20_X90_Y94.4_Z80,0
27,91,23.07292785928999,1.0,S4_D2_X89_Y100_Z98,S4_D20_X90_Y114.4_Z80,0
27,92,28.134676113294777,1.0,S4_D2_X89_Y100_Z98,S4_D20_X90_Y121.6_Z80,0
28,33,20.8806130178211,1.0,S4_D2_X89_Y120_Z98,S4_D2_X95_Y100_Z98,0
28,34,31.622776601683793,1.0,S4_D2_X89_Y120_Z98,S4_D2_X115_Y120_Z80,0
28,81,34.58843737435966,1.0,S4_D2_X89_Y120_Z98,S4_D20_X60_Y114.4_Z80,0
28,82,34.16957711181102,1.0,S4_D2_X89_Y120_Z98,S4_D20_X60_Y121.6_Z80,0
28,90,31.310701046127978,1.0,S4_D2_X89_Y120_Z98,S4_D20_X90_Y94.4_Z80,0
28,91,18.87749983445901,1.0,S4_D2_X89_Y120_Z98,S4_D20_X90_Y114.4_Z80,0
28,92,18.09861873182592,1.0,S4_D2_X89_Y120_Z98,S4_D20_X90_Y121.6_Z80,0
29,30,20.0,1.0,S4_D2_X95_Y20_Z98,S4_D2_X95_Y40_Z98,8
29,83,18.749933333214816,1.0,S4_D2_X95_Y20_Z98,S4_D20_X90_Y18.4_Z80,0
29,84,19.502820308868152,1.0,S4_D2_X95_Y20_Z98,S4_D20_X90_Y25.6_Z80,0
29,85,31.691639275998334,1.0,S4_D2_X95_Y20_Z98,S4_D20_X90_Y45.6_Z80,0
30,31,20.0,1.0,S4_D2_X95_Y40_Z98,S4_D2_X95_Y60_Z98,8
30,83,28.55801113523139,1.0,S4_D2_X95_Y40_Z98,S4_D20_X90_Y18.4_Z80,0
30,84,23.587284710199263,1.0,S4_D2_X95_Y40_Z98,S4_D20_X90_Y25.6_Z80,0
30,85,19.502820308868152,1.0,S4_D2_X95_Y40_Z98,S4_D20_X90_Y45.6_Z80,0
30,86,22.645970944077447,1.0,S4_D2_X95_Y40_Z98,S4_D20_X90_Y52.8_Z80,0
30,87,27.367864366808018,1.0,S4_D2_X95_Y40_Z98,S4_D20_X90_Y60_Z80,0
31,32,20.0,1.0,S4_D2_X95_Y60_Z98,S4_D2_X95_Y80_Z98,8
31,85,23.587284710199263,1.0,S4_D2_X95_Y60_Z98,S4_D20_X90_Y45.6_Z80,0
31,86,20.02098898656108,1.0,S4_D2_X95_Y60_Z98,S4_D20_X90_Y52.8_Z80,0
31,87,18.681541692269406,1.0,S4_D2_X95_Y60_Z98,S4_D20_X90_Y60_Z80,0
31,88,27.367864366808018,1.0,S4_D2_X95_Y60_Z98,S4_D20_X90_Y80_Z80,0
31,89,32.9975756685245,1.0,S4_D2_X95_Y60_Z98,S4_D20_X90_Y87.2_Z80,0
32,33,20.0,1.0,S4_D2_X95_Y80_Z98,S4_D2_X95_Y100_Z98,8
32,86,32.9975756685245,1.0,S4_D2_X95_Y80_Z98,S4_D20_X90_Y52.8_Z80,0
32,87,27.367864366808018,1.0,S4_D2_X95_Y80_Z98,S4_D20_X90_Y60_Z80,0
32,88,18.681541692269406,1.0,S4_D2_X95_Y80_Z98,S4_D20_X90_Y80_Z80,0
32,89,20.02098898656108,1.0,S4_D2_X95_Y80_Z98,S4_D20_X90_Y87.2_Z80,0
32,90,23.587284710199267,1.0,S4_D2_X95_Y80_Z98,S4_D20_X90_Y94.4_Z80,0
33,34,33.52610922848042,1.0,S4_D2_X95_Y100_Z98,S4_D2_X115_Y120_Z80,8
33,88,27.367864366808018,1.0,S4_D2_X95_Y100_Z98,S4_D20_X90_Y80_Z80,0
33,89,22.645970944077447,1.0,S4_D2_X95_Y100_Z98,S4_D20_X90_Y87.2_Z80,0
33,90,19.50282030886815,1.0,S4_D2_X95_Y100_Z98,S4_D20_X90_Y94.4_Z80,0
33,91,23.587284710199267,1.0,S4_D2_X95_Y100_Z98,S4_D20_X90_Y114.4_Z80,0
33,92,28.558011135231386,1.0,S4_D2_X95_Y100_Z98,S4_D20_X90_Y121.6_Z80,0
34,38,31.622776601683793,1.0,S4_D2_X115_Y120_Z80,S4_D2_X121_Y90_Z72,7
34,39,14.142135623730951,1.0,S4_D2_X115_Y120_Z80,S4_D2_X121_Y110_Z72,8
34,45,31.622776601683793,1.0,S4_D2_X115_Y120_Z80,S4_D2_X133_Y110_Z56,0
34,91,25.61952380509833,1.0,S4_D2_X115_Y120_Z80,S4_D20_X90_Y114.4_Z80,0
34,92,25.05114767830009,1.0,S4_D2_X115_Y120_Z80,S4_D20_X90_Y121.6_Z80,0
34,101,30.925070735569868,1.0,S4_D2_X115_Y120_Z80,S4_D50_X120_Y114.4_Z50,0
34,102,30.455869713406642,1.0,S4_D2_X115_Y120_Z80,S4_D50_X120_Y121.6_Z50,0
35,36,20.0,1.0,S4_D2_X121_Y30_Z72,S4_D2_X121_Y50_Z72,8
35,40,14.142135623730951,1.0,S4_D2_X121_Y30_Z72,S4_D2_X127_Y20_Z64,8
35,41,20.0,1.0,S4_D2_X121_Y30_Z72,S4_D2_X133_Y30_Z56,0
35,42,28.284271247461902,1.0,S4_D2_X121_Y30_Z72,S4_D2_X133_Y50_Z56,0
35,83,34.05231269679051,1.0,S4_D2_X121_Y30_Z72,S4_D20_X90_Y18.4_Z80,0
35,84,32.316559222788555,1.0,S4_D2_X121_Y30_Z72,S4_D20_X90_Y25.6_Z80,0
35,93,24.890962215229848,1.0,S4_D2_X121_Y30_Z72,S4_D50_X120_Y18.4_Z50,0
35,94,22.457960726655482,1.0,S4_D2_X121_Y30_Z72,S4_D50_X120_Y25.6_Z50,0
35,95,26.988145545776206,1.0,S4_D2_X121_Y30_Z72,S4_D50_X120_Y45.6_Z50,0
35,96,31.699211346656558,1.0,S4_D2_X121_Y30_Z72,S4_D50_X120_Y52.8_Z50,0
36,37,20.0,1.0,S4_D2_X121_Y50_Z72,S4_D2_X121_Y70_Z72,8
36,40,31.622776601683793,1.0,S4_D2_X121_Y50_Z72,S4_D2_X127_Y20_Z64,7
36,41,28.284271247461902,1.0,S4_D2_X121_Y50_Z72,S4_D2_X133_Y30_Z56,0
36,42,20.0,1.0,S4_D2_X121_Y50_Z72,S4_D2_X133_Y50_Z56,0
36,43,28.284271247461902,1.0,S4_D2_X121_Y50_Z72,S4_D2_X133_Y70_Z56,0
36,85,32.316559222788555,1.0,S4_D2_X121_Y50_Z72,S4_D20_X90_Y45.6_Z80,0
36,86,32.137828178020996,1.0,S4_D2_X121_Y50_Z72,S4_D20_X90_Y52.8_Z80,0
36,87,33.54101966249684,1.0,S4_D2_X121_Y50_Z72,S4_D20_X90_Y60_Z80,0
36,94,32.868830219525606,1.0,S4_D2_X121_Y50_Z72,S4_D50_X120_Y25.6_Z50,0
36,95,22.457960726655482,1.0,S4_D2_X121_Y50_Z72,S4_D50_X120_Y45.6_Z50,0
36,96,22.2,1.0,S4_D2_X121_Y50_Z72,S4_D50_X120_Y52.8_Z50,0
36,97,24.186773244895647,1.0,S4_D2_X121_Y50_Z72,S4_D50_X120_Y60_Z50,0
37,38,20.0,1.0,S4_D2_X121_Y70_Z72,S4_D2_X121_Y90_Z72,8
37,42,28.284271247461902,1.0,S4_D2_X121_Y70_Z72,S4_D2_X133_Y50_Z56,0
37,43,20.0,1.0,S4_D2_X121_Y70_Z72,S4_D2_X133_Y70_Z56,0
37,44,28.284271247461902,1.0,S4_D2_X121_Y70_Z72,S4_D2_X133_Y90_Z56,0
37,87,33.54101966249684,1.0,S4_D2_X121_Y70_Z72,S4_D20_X90_Y60_Z80,0
37,88,33.54101966249684,1.0,S4_D2_X121_Y70_Z72,S4_D20_X90_Y80_Z80,0
37,95,32.868830219525606,1.0,S4_D2_X121_Y70_Z72,S4_D50_X120_Y45.6_Z50,0
37,96,27.943514453268044,1.0,S4_D2_X121_Y70_Z72,S4_D50_X120_Y52.8_Z50,0
37,97,24.186773244895647,1.0,S4_D2_X121_Y70_Z72,S4_D50_X120_Y60_Z50,0
37,98,24.186773244895647,1.0,S4_D2_X121_Y70_Z72,S4_D50_X120_Y80_Z50,0
37,99,27.943514453268044,1.0,S4_D2_X121_Y70_Z72,S4_D50_X120_Y87.2_Z50,0
37,100,32.86883021952561,1.0,S4_D2_X121_Y70_Z72,S4_D50_X120_Y94.4_Z50,0
38,39,20.0,1.0,S4_D2_X121_Y90_Z72,S4_D2_X121_Y110_Z72,8
38,43,28.284271247461902,1.0,S4_D2_X121_Y90_Z72,S4_D2_X133_Y70_Z56,0
38,44,20.0,1.0,S4_D2_X121_Y90_Z72,S4_D2_X133_Y90_Z56,0
38,45,28.284271247461902,1.0,S4_D2_X121_Y90_Z72,S4_D2_X133_Y110_Z56,0
38,88,33.54101966249684,1.0,S4_D2_X121_Y90_Z72,S4_D20_X90_Y80_Z80,0
38,89,32.137828178020996,1.0,S4_D2_X121_Y90_Z72,S4_D20_X90_Y87.2_Z80,0
38,90,32.316559222788555,1.0,S4_D2_X121_Y90_Z72,S4_D20_X90_Y94.4_Z80,0
38,98,24.186773244895647,1.0,S4_D2_X121_Y90_Z72,S4_D50_X120_Y80_Z50,0
38,99,22.2,1.0,S4_D2_X121_Y90_Z72,S4_D50_X120_Y87.2_Z50,0
38,100,22.457960726655482,1.0,S4_D2_X121_Y90_Z72,S4_D50_X120_Y94.4_Z50,0
38,101,32.86883021952561,1.0,S4_D2_X121_Y90_Z72,S4_D50_X120_Y114.4_Z50,0
39,44,28.284271247461902,1.0,S4_D2_X121_Y110_Z72,S4_D2_X133_Y90_Z56,0
39,45,20.0,1.0,S4_D2_X121_Y110_Z72,S4_D2_X133_Y110_Z56,0
39,46,31.622776601683793,1.0,S4_D2_X121_Y110_Z72,S4_D2_X139_Y120_Z48,0
39,91,32.316559222788555,1.0,S4_D2_X121_Y110_Z72,S4_D20_X90_Y114.4_Z80,0
39,92,34.05231269679051,1.0,S4_D2_X121_Y110_Z72,S4_D20_X90_Y121.6_Z80,0
39,99,31.699211346656558,1.0,S4_D2_X121_Y110_Z72,S4_D50_X120_Y87.2_Z50,0
39,100,26.988145545776202,1.0,S4_D2_X121_Y110_Z72,S4_D50_X120_Y94.4_Z50,0
39,101,22.457960726655482,1.0,S4_D2_X121_Y110_Z72,S4_D50_X120_Y114.4_Z50,0
39,102,24.890962215229845,1.0,S4_D2_X121_Y110_Z72,S4_D50_X120_Y121.6_Z50,0
40,41,14.142135623730951,1.0,S4_D2_X127_Y20_Z64,S4_D2_X133_Y30_Z56,8
40,42,31.622776601683793,1.0,S4_D2_X127_Y20_Z64,S4_D2_X133_Y50_Z56,7
40,47,31.622776601683793,1.0,S4_D2_X127_Y20_Z64,S4_D2_X145_Y30_Z40,0
40,93,15.734039532173549,1.0,S4_D2_X127_Y20_Z64,S4_D50_X120_Y18.4_Z50,0
40,94,16.624078921853084,1.0,S4_D2_X127_Y20_Z64,S4_D50_X120_Y25.6_Z50,0
40,95,30.005999400119972,1.0,S4_D2_X127_Y20_Z64,S4_D50_X120_Y45.6_Z50,0
41,42,20.0,1.0,S4_D2_X133_Y30_Z56,S4_D2_X133_Y50_Z56,8
41,47,20.0,1.0,S4_D2_X133_Y30_Z56,S4_D2_X145_Y30_Z40,0
41,48,28.284271247461902,1.0,S4_D2_X133_Y30_Z56,S4_D2_X145_Y50_Z40,0
41,52,31.622776601683793,1.0,S4_D2_X133_Y30_Z56,S4_D2_X151_Y20_Z32,0
41,93,18.427153876819936,1.0,S4_D2_X133_Y30_Z56,S4_D50_X120_Y18.4_Z50,0
41,94,14.978651474682225,1.0,S4_D2_X133_Y30_Z56,S4_D50_X120_Y25.6_Z50,0
41,95,21.17451298141235,1.0,S4_D2_X133_Y30_Z56,S4_D50_X120_Y45.6_Z50,0
41,96,26.922852746319435,1.0,S4_D2_X133_Y30_Z56,S4_D50_X120_Y52.8_Z50,0
41,97,33.24154027718932,1.0,S4_D2_X133_Y30_Z56,S4_D50_X120_Y60_Z50,0
42,43,20.0,1.0,S4_D2_X133_Y50_Z56,S4_D2_X133_Y70_Z56,8
42,47,28.284271247461902,1.0,S4_D2_X133_Y50_Z56,S4_D2_X145_Y30_Z40,0
42,48,20.0,1.0,S4_D2_X133_Y50_Z56,S4_D2_X145_Y50_Z40,0
42,49,28.284271247461902,1.0,S4_D2_X133_Y50_Z56,S4_D2_X145_Y70_Z40,0
42,93,34.692362271831534,1.0,S4_D2_X133_Y50_Z56,S4_D50_X120_Y18.4_Z50,0
42,94,28.290634492708005,1.0,S4_D2_X133_Y50_Z56,S4_D50_X120_Y25.6_Z50,0
42,95,14.978651474682225,1.0,S4_D2_X133_Y50_Z56,S4_D50_X120_Y45.6_Z50,0
42,96,14.589036979869507,1.0,S4_D2_X133_Y50_Z56,S4_D50_X120_Y52.8_Z50,0
42,97,17.46424919657298,1.0,S4_D2_X133_Y50_Z56,S4_D50_X120_Y60_Z50,0
42,98,33.24154027718932,1.0,S4_D2_X133_Y50_Z56,S4_D50_X120_Y80_Z50,0
43,44,20.0,1.0,S4_D2_X133_Y70_Z56,S4_D2_X133_Y90_Z56,8
43,48,28.284271247461902,1.0,S4_D2_X133_Y70_Z56,S4_D2_X145_Y50_Z40,0
43,49,20.0,1.0,S4_D2_X133_Y70_Z56,S4_D2_X145_Y70_Z40,0
43,50,28.284271247461902,1.0,S4_D2_X133_Y70_Z56,S4_D2_X145_Y90_Z40,0
43,95,28.290634492708005,1.0,S4_D2_X133_Y70_Z56,S4_D50_X120_Y45.6_Z50,0
43,96,22.379454863780754,1.0,S4_D2_X133_Y70_Z56,S4_D50_X120_Y52.8_Z50,0
43,97,17.46424919657298,1.0,S4_D2_X133_Y70_Z56,S4_D50_X120_Y60_Z50,0
43,98,17.46424919657298,1.0,S4_D2_X133_Y70_Z56,S4_D50_X120_Y80_Z50,0
43,99,22.379454863780754,1.0,S4_D2_X133_Y70_Z56,S4_D50_X120_Y87.2_Z50,0
43,100,28.290634492708012,1.0,S4_D2_X133_Y70_Z56,S4_D50_X120_Y94.4_Z50,0
44,45,20.0,1.0,S4_D2_X133_Y90_Z56,S4_D2_X133_Y110_Z56,8
44,46,31.622776601683793,1.0,S4_D2_X133_Y90_Z56,S4_D2_X139_Y120_Z48,7
44,49,28.284271247461902,1.0,S4_D2_X133_Y90_Z56,S4_D2_X145_Y70_Z40,0
44,50,20.0,1.0,S4_D2_X133_Y90_Z56,S4_D2_X145_Y90_Z40,0
44,51,28.284271247461902,1.0,S4_D2_X133_Y90_Z56,S4_D2_X145_Y110_Z40,0
44,97,33.24154027718932,1.0,S4_D2_X133_Y90_Z56,S4_D50_X120_Y60_Z50,0
44,98,17.46424919657298,1.0,S4_D2_X133_Y90_Z56,S4_D50_X120_Y80_Z50,0
44,99,14.589036979869507,1.0,S4_D2_X133_Y90_Z56,S4_D50_X120_Y87.2_Z50,0
44,100,14.978651474682227,1.0,S4_D2_X133_Y90_Z56,S4_D50_X120_Y94.4_Z50,0
44,101,28.290634492708012,1.0,S4_D2_X133_Y90_Z56,S4_D50_X120_Y114.4_Z50,0
44,102,34.69236227183153,1.0,S4_D2_X133_Y90_Z56,S4_D50_X120_Y121.6_Z50,0
45,46,14.142135623730951,1.0,S4_D2_X133_Y110_Z56,S4_D2_X139_Y120_Z48,8
45,50,28.284271247461902,1.0,S4_D2_X133_Y110_Z56,S4_D2_X145_Y90_Z40,0
45,51,20.0,1.0,S4_D2_X133_Y110_Z56,S4_D2_X145_Y110_Z40,0
45,98,33.24154027718932,1.0,S4_D2_X133_Y110_Z56,S4_D50_X120_Y80_Z50,0
45,99,26.922852746319435,1.0,S4_D2_X133_Y110_Z56,S4_D50_X120_Y87.2_Z50,0
45,100,21.17451298141234,1.0,S4_D2_X133_Y110_Z56,S4_D50_X120_Y94.4_Z50,0
45,101,14.978651474682227,1.0,S4_D2_X133_Y110_Z56,S4_D50_X120_Y114.4_Z50,0
45,102,18.427153876819933,1.0,S4_D2_X133_Y110_Z56,S4_D50_X120_Y121.6_Z50,0
46,50,31.622776601683793,1.0,S4_D2_X139_Y120_Z48,S4_D2_X145_Y90_Z40,7
46,51,14.142135623730951,1.0,S4_D2_X139_Y120_Z48,S4_D2_X145_Y110_Z40,8
46,57,31.622776601683793,1.0,S4_D2_X139_Y120_Z48,S4_D2_X157_Y110_Z24,0
46,100,31.943074366754363,1.0,S4_D2_X139_Y120_Z48,S4_D50_X120_Y94.4_Z50,0
46,101,19.90879202764447,1.0,S4_D2_X139_Y120_Z48,S4_D50_X120_Y114.4_Z50,0
46,102,19.17185437040455,1.0,S4_D2_X139_Y120_Z48,S4_D50_X120_Y121.6_Z50,0
46,111,30.599999999999998,1.0,S4_D2_X139_Y120_Z48,S4_D80_X150_Y114.4_Z20,0
46,112,30.12573650551966,1.0,S4_D2_X139_Y120_Z48,S4_D80_X150_Y121.6_Z20,0
47,48,20.0,1.0,S4_D2_X145_Y30_Z40,S4_D2_X145_Y50_Z40,8
47,52,14.142135623730951,1.0,S4_D2_X145_Y30_Z40,S4_D2_X151_Y20_Z32,8
47,53,20.0,1.0,S4_D2_X145_Y30_Z40,S4_D2_X157_Y30_Z24,0
47,54,28.284271247461902,1.0,S4_D2_X145_Y30_Z40,S4_D2_X157_Y50_Z24,0
47,93,29.318253699700467,1.0,S4_D2_X145_Y30_Z40,S4_D50_X120_Y18.4_Z50,0
47,94,27.28296171606008,1.0,S4_D2_X145_Y30_Z40,S4_D50_X120_Y25.6_Z50,0
47,95,31.118483253526353,1.0,S4_D2_X145_Y30_Z40,S4_D50_X120_Y45.6_Z50,0
47,103,23.655020608741818,1.0,S4_D2_X145_Y30_Z40,S4_D80_X150_Y18.4_Z20,0
47,104,21.079848196796863,1.0,S4_D2_X145_Y30_Z40,S4_D80_X150_Y25.6_Z20,0
47,105,25.852659437667143,1.0,S4_D2_X145_Y30_Z40,S4_D80_X150_Y45.6_Z20,0
47,106,30.73824978752043,1.0,S4_D2_X145_Y30_Z40,S4_D80_X150_Y52.8_Z20,0
48,49,20.0,1.0,S4_D2_X145_Y50_Z40,S4_D2_X145_Y70_Z40,8
48,52,31.622776601683793,1.0,S4_D2_X145_Y50_Z40,S4_D2_X151_Y20_Z32,7
48,53,28.284271247461902,1.0,S4_D2_X145_Y50_Z40,S4_D2_X157_Y30_Z24,0
48,54,20.0,1.0,S4_D2_X145_Y50_Z40,S4_D2_X157_Y50_Z24,0
48,55,28.284271247461902,1.0,S4_D2_X145_Y50_Z40,S4_D2_X157_Y70_Z24,0
48,95,27.28296171606008,1.0,S4_D2_X145_Y50_Z40,S4_D50_X120_Y45.6_Z50,0
48,96,27.071017712675673,1.0,S4_D2_X145_Y50_Z40,S4_D50_X120_Y52.8_Z50,0
48,97,28.722813232690143,1.0,S4_D2_X145_Y50_Z40,S4_D50_X120_Y60_Z50,0
48,104,31.943074366754367,1.0,S4_D2_X145_Y50_Z40,S4_D80_X150_Y25.6_Z20,0
48,105,21.079848196796863,1.0,S4_D2_X145_Y50_Z40,S4_D80_X150_Y45.6_Z20,0
48,106,20.804807136813356,1.0,S4_D2_X145_Y50_Z40,S4_D80_X150_Y52.8_Z20,0
48,107,22.9128784747792,1.0,S4_D2_X145_Y50_Z40,S4_D80_X150_Y60_Z20,0
49,50,20.0,1.0,S4_D2_X145_Y70_Z40,S4_D2_X145_Y90_Z40,8
49,54,28.284271247461902,1.0,S4_D2_X145_Y70_Z40,S4_D2_X157_Y50_Z24,0
49,55,20.0,1.0,S4_D2_X145_Y70_Z40,S4_D2_X157_Y70_Z24,0
49,56,28.284271247461902,1.0,S4_D2_X145_Y70_Z40,S4_D2_X157_Y90_Z24,0
49,96,31.950586849070554,1.0,S4_D2_X145_Y70_Z40,S4_D50_X120_Y52.8_Z50,0
49,97,28.722813232690143,1.0,S4_D2_X145_Y70_Z40,S4_D50_X120_Y60_Z50,0
49,98,28.722813232690143,1.0,S4_D2_X145_Y70_Z40,S4_D50_X120_Y80_Z50,0
49,99,31.950586849070554,1.0,S4_D2_X145_Y70_Z40,S4_D50_X120_Y87.2_Z50,0
49,105,31.943074366754367,1.0,S4_D2_X145_Y70_Z40,S4_D80_X150_Y45.6_Z20,0
49,106,26.84846364319568,1.0,S4_D2_X145_Y70_Z40,S4_D80_X150_Y52.8_Z20,0
49,107,22.9128784747792,1.0,S4_D2_X145_Y70_Z40,S4_D80_X150_Y60_Z20,0
49,108,22.9128784747792,1.0,S4_D2_X145_Y70_Z40,S4_D80_X150_Y80_Z20,0
49,109,26.84846364319568,1.0,S4_D2_X145_Y70_Z40,S4_D80_X150_Y87.2_Z20,0
49,110,31.943074366754374,1.0,S4_D2_X145_Y70_Z40,S4_D80_X150_Y94.4_Z20,0
50,51,20.0,1.0,S4_D2_X145_Y90_Z40,S4_D2_X145_Y110_Z40,8
50,55,28.284271247461902,1.0,S4_D2_X145_Y90_Z40,S4_D2_X157_Y70_Z24,0
50,56,20.0,1.0,S4_D2_X145_Y90_Z40,S4_D2_X157_Y90_Z24,0
50,57,28.284271247461902,1.0,S4_D2_X145_Y90_Z40,S4_D2_X157_Y110_Z24,0
50,98,28.722813232690143,1.0,S4_D2_X145_Y90_Z40,S4_D50_X120_Y80_Z50,0
50,99,27.071017712675673,1.0,S4_D2_X145_Y90_Z40,S4_D50_X120_Y87.2_Z50,0
50,100,27.28296171606008,1.0,S4_D2_X145_Y90_Z40,S4_D50_X120_Y94.4_Z50,0
50,108,22.9128784747792,1.0,S4_D2_X145_Y90_Z40,S4_D80_X150_Y80_Z20,0
50,109,20.804807136813356,1.0,S4_D2_X145_Y90_Z40,S4_D80_X150_Y87.2_Z20,0
50,110,21.079848196796867,1.0,S4_D2_X145_Y90_Z40,S4_D80_X150_Y94.4_Z20,0
50,111,31.943074366754374,1.0,S4_D2_X145_Y90_Z40,S4_D80_X150_Y114.4_Z20,0
51,56,28.284271247461902,1.0,S4_D2_X145_Y110_Z40,S4_D2_X157_Y90_Z24,0
51,57,20.0,1.0,S4_D2_X145_Y110_Z40,S4_D2_X157_Y110_Z24,0
51,58,31.622776601683793,1.0,S4_D2_X145_Y110_Z40,S4_D2_X163_Y120_Z16,0
51,100,31.11848325352635,1.0,S4_D2_X145_Y110_Z40,S4_D50_X120_Y94.4_Z50,0
51,101,27.28296171606008,1.0,S4_D2_X145_Y110_Z40,S4_D50_X120_Y114.4_Z50,0
51,102,29.318253699700463,1.0,S4_D2_X145_Y110_Z40,S4_D50_X120_Y121.6_Z50,0
51,109,30.73824978752043,1.0,S4_D2_X145_Y110_Z40,S4_D80_X150_Y87.2_Z20,0
51,110,25.85265943766714,1.0,S4_D2_X145_Y110_Z40,S4_D80_X150_Y94.4_Z20,0
51,111,21.079848196796867,1.0,S4_D2_X145_Y110_Z40,S4_D80_X150_Y114.4_Z20,0
51,112,23.65502060874181,1.0,S4_D2_X145_Y110_Z40,S4_D80_X150_Y121.6_Z20,0
52,53,14.142135623730951,1.0,S4_D2_X151_Y20_Z32,S4_D2_X157_Y30_Z24,8
52,54,31.622776601683793,1.0,S4_D2_X151_Y20_Z32,S4_D2_X157_Y50_Z24,7
52,103,12.147427711248172,1.0,S4_D2_X151_Y20_Z32,S4_D80_X150_Y18.4_Z20,0
52,104,13.280060240827224,1.0,S4_D2_X151_Y20_Z32,S4_D80_X150_Y25.6_Z20,0
52,105,28.29063449270801,1.0,S4_D2_X151_Y20_Z32,S4_D80_X150_Y45.6_Z20,0
52,106,34.94052088907662,1.0,S4_D2_X151_Y20_Z32,S4_D80_X150_Y52.8_Z20,0
53,54,20.0,1.0,S4_D2_X157_Y30_Z24,S4_D2_X157_Y50_Z24,8
53,59,28.284271247461902,1.0,S4_D2_X157_Y30_Z24,S4_D2_X169_Y50_Z8,0
53,103,14.126570709128243,1.0,S4_D2_X157_Y30_Z24,S4_D80_X150_Y18.4_Z20,0
53,104,9.184770002564026,1.0,S4_D2_X157_Y30_Z24,S4_D80_X150_Y25.6_Z20,0
53,105,17.560182231400677,1.0,S4_D2_X157_Y30_Z24,S4_D80_X150_Y45.6_Z20,0
53,106,24.183465425782135,1.0,S4_D2_X157_Y30_Z24,S4_D80_X150_Y52.8_Z20,0
53,107,31.064449134018133,1.0,S4_D2_X157_Y30_Z24,S4_D80_X150_Y60_Z20,0
54,55,20.0,1.0,S4_D2_X157_Y50_Z24,S4_D2_X157_Y70_Z24,8
54,59,20.0,1.0,S4_D2_X157_Y50_Z24,S4_D2_X169_Y50_Z8,0
54,60,28.284271247461902,1.0,S4_D2_X157_Y50_Z24,S4_D2_X169_Y70_Z8,0
54,103,32.612267630448514,1.0,S4_D2_X157_Y50_Z24,S4_D80_X150_Y18.4_Z20,0
54,104,25.69747069265767,1.0,S4_D2_X157_Y50_Z24,S4_D80_X150_Y25.6_Z20,0
54,105,9.184770002564026,1.0,S4_D2_X157_Y50_Z24,S4_D80_X150_Y45.6_Z20,0
54,106,8.534635317340745,1.0,S4_D2_X157_Y50_Z24,S4_D80_X150_Y52.8_Z20,0
54,107,12.84523257866513,1.0,S4_D2_X157_Y50_Z24,S4_D80_X150_Y60_Z20,0
54,108,31.064449134018133,1.0,S4_D2_X157_Y50_Z24,S4_D80_X150_Y80_Z20,0
55,56,20.0,1.0,S4_D2_X157_Y70_Z24,S4_D2_X157_Y90_Z24,8
55,59,28.284271247461902,1.0,S4_D2_X157_Y70_Z24,S4_D2_X169_Y50_Z8,0
55,60,20.0,1.0,S4_D2_X157_Y70_Z24,S4_D2_X169_Y70_Z8,0
55,61,28.284271247461902,1.0,S4_D2_X157_Y70_Z24,S4_D2_X169_Y90_Z8,0
55,105,25.69747069265767,1.0,S4_D2_X157_Y70_Z24,S4_D80_X150_Y45.6_Z20,0
55,106,18.995789007040482,1.0,S4_D2_X157_Y70_Z24,S4_D80_X150_Y52.8_Z20,0
55,107,12.84523257866513,1.0,S4_D2_X157_Y70_Z24,S4_D80_X150_Y60_Z20,0
55,108,12.84523257866513,1.0,S4_D2_X157_Y70_Z24,S4_D80_X150_Y80_Z20,0
55,109,18.995789007040482,1.0,S4_D2_X157_Y70_Z24,S4_D80_X150_Y87.2_Z20,0
55,110,25.697470692657678,1.0,S4_D2_X157_Y70_Z24,S4_D80_X150_Y94.4_Z20,0
56,57,20.0,1.0,S4_D2_X157_Y90_Z24,S4_D2_X157_Y110_Z24,8
56,58,31.622776601683793,1.0,S4_D2_X157_Y90_Z24,S4_D2_X163_Y120_Z16,7
56,60,28.284271247461902,1.0,S4_D2_X157_Y90_Z24,S4_D2_X169_Y70_Z8,0
56,61,20.0,1.0,S4_D2_X157_Y90_Z24,S4_D2_X169_Y90_Z8,0
56,62,28.284271247461902,1.0,S4_D2_X157_Y90_Z24,S4_D2_X169_Y110_Z8,0
56,107,31.064449134018133,1.0,S4_D2_X157_Y90_Z24,S4_D80_X150_Y60_Z20,0
56,108,12.84523257866513,1.0,S4_D2_X157_Y90_Z24,S4_D80_X150_Y80_Z20,0
56,109,8.534635317340745,1.0,S4_D2_X157_Y90_Z24,S4_D80_X150_Y87.2_Z20,0
56,110,9.18477000256403,1.0,S4_D2_X157_Y90_Z24,S4_D80_X150_Y94.4_Z20,0
56,111,25.697470692657678,1.0,S4_D2_X157_Y90_Z24,S4_D80_X150_Y114.4_Z20,0
56,112,32.61226763044851,1.0,S4_D2_X157_Y90_Z24,S4_D80_X150_Y121.6_Z20,0
57,58,14.142135623730951,1.0,S4_D2_X157_Y110_Z24,S4_D2_X163_Y120_Z16,8
57,61,28.284271247461902,1.0,S4_D2_X157_Y110_Z24,S4_D2_X169_Y90_Z8,0
57,62,20.0,1.0,S4_D2_X157_Y110_Z24,S4_D2_X169_Y110_Z8,0
57,108,31.064449134018133,1.0,S4_D2_X157_Y110_Z24,S4_D80_X150_Y80_Z20,0
57,109,24.183465425782135,1.0,S4_D2_X157_Y110_Z24,S4_D80_X150_Y87.2_Z20,0
57,110,17.56018223140067,1.0,S4_D2_X157_Y110_Z24,S4_D80_X150_Y94.4_Z20,0
57,111,9.18477000256403,1.0,S4_D2_X157_Y110_Z24,S4_D80_X150_Y114.4_Z20,0
57,112,14.126570709128236,1.0,S4_D2_X157_Y110_Z24,S4_D80_X150_Y121.6_Z20,0
58,61,31.622776601683793,1.0,S4_D2_X163_Y120_Z16,S4_D2_X169_Y90_Z8,7
58,62,14.142135623730951,1.0,S4_D2_X163_Y120_Z16,S4_D2_X169_Y110_Z8,8
58,110,28.988963417135142,1.0,S4_D2_X163_Y120_Z16,S4_D80_X150_Y94.4_Z20,0
58,111,14.709180806557512,1.0,S4_D2_X163_Y120_Z16,S4_D80_X150_Y114.4_Z20,0
58,112,13.695254652615992,1.0,S4_D2_X163_Y120_Z16,S4_D80_X150_Y121.6_Z20,0
59,60,20.0,1.0,S4_D2_X169_Y50_Z8,S4_D2_X169_Y70_Z8,5
59,104,33.17167466378506,1.0,S4_D2_X169_Y50_Z8,S4_D80_X150_Y25.6_Z20,0
59,105,22.89890827091982,1.0,S4_D2_X169_Y50_Z8,S4_D80_X150_Y45.6_Z20,0
59,106,22.645970944077447,1.0,S4_D2_X169_Y50_Z8,S4_D80_X150_Y52.8_Z20,0
59,107,24.596747752497688,1.0,S4_D2_X169_Y50_Z8,S4_D80_X150_Y60_Z20,0
60,61,20.0,1.0,S4_D2_X169_Y70_Z8,S4_D2_X169_Y90_Z8,6
60,105,33.17167466378506,1.0,S4_D2_X169_Y70_Z8,S4_D80_X150_Y45.6_Z20,0
60,106,28.299116593985758,1.0,S4_D2_X169_Y70_Z8,S4_D80_X150_Y52.8_Z20,0
60,107,24.596747752497688,1.0,S4_D2_X169_Y70_Z8,S4_D80_X150_Y60_Z20,0
60,108,24.596747752497688,1.0,S4_D2_X169_Y70_Z8,S4_D80_X150_Y80_Z20,0
60,109,28.299116593985758,1.0,S4_D2_X169_Y70_Z8,S4_D80_X150_Y87.2_Z20,0
60,110,33.17167466378507,1.0,S4_D2_X169_Y70_Z8,S4_D80_X150_Y94.4_Z20,0
61,62,20.0,1.0,S4_D2_X169_Y90_Z8,S4_D2_X169_Y110_Z8,7
61,108,24.596747752497688,1.0,S4_D2_X169_Y90_Z8,S4_D80_X150_Y80_Z20,0
61,109,22.645970944077447,1.0,S4_D2_X169_Y90_Z8,S4_D80_X150_Y87.2_Z20,0
61,110,22.89890827091982,1.0,S4_D2_X169_Y90_Z8,S4_D80_X150_Y94.4_Z20,0
61,111,33.17167466378507,1.0,S4_D2_X169_Y90_Z8,S4_D80_X150_Y114.4_Z20,0
62,109,32.01312230945304,1.0,S4_D2_X169_Y110_Z8,S4_D80_X150_Y87.2_Z20,0
62,110,27.356169322476415,1.0,S4_D2_X169_Y110_Z8,S4_D80_X150_Y94.4_Z20,0
62,111,22.89890827091982,1.0,S4_D2_X169_Y110_Z8,S4_D80_X150_Y114.4_Z20,0
62,112,25.289523522597253,1.0,S4_D2_X169_Y110_Z8,S4_D80_X150_Y121.6_Z20,0
63,64,7.200000000000003,1.0,S4_D20_X30_Y18.4_Z80,S4_D20_X30_Y25.6_Z80,8
63,65,27.200000000000003,1.0,S4_D20_X30_Y18.4_Z80,S4_D20_X30_Y45.6_Z80,7
63,66,34.4,1.0,S4_D20_X30_Y18.4_Z80,S4_D20_X30_Y52.8_Z80,6
63,73,30.0,1.0,S4_D20_X30_Y18.4_Z80,S4_D20_X60_Y18.4_Z80,6
63,74,30.85190431723786,1.0,S4_D20_X30_Y18.4_Z80,S4_D20_X60_Y25.6_Z80,3
64,65,20.0,1.0,S4_D20_X30_Y25.6_Z80,S4_D20_X30_Y45.6_Z80,8
64,66,27.199999999999996,1.0,S4_D20_X30_Y25.6_Z80,S4_D20_X30_Y52.8_Z80,7
64,67,34.4,1.0,S4_D20_X30_Y25.6_Z80,S4_D20_X30_Y60_Z80,4
64,73,30.85190431723786,1.0,S4_D20_X30_Y25.6_Z80,S4_D20_X60_Y18.4_Z80,3
64,74,30.0,1.0,S4_D20_X30_Y25.6_Z80,S4_D20_X60_Y25.6_Z80,0
65,66,7.199999999999996,1.0,S4_D20_X30_Y45.6_Z80,S4_D20_X30_Y52.8_Z80,8
65,67,14.399999999999999,1.0,S4_D20_X30_Y45.6_Z80,S4_D20_X30_Y60_Z80,5
65,68,34.4,1.0,S4_D20_X30_Y45.6_Z80,S4_D20_X30_Y80_Z80,4
65,75,30.0,1.0,S4_D20_X30_Y45.6_Z80,S4_D20_X60_Y45.6_Z80,0
65,76,30.851904317237857,1.0,S4_D20_X30_Y45.6_Z80,S4_D20_X60_Y52.8_Z80,0
65,77,33.27701909726891,1.0,S4_D20_X30_Y45.6_Z80,S4_D20_X60_Y60_Z80,0
66,67,7.200000000000003,1.0,S4_D20_X30_Y52.8_Z80,S4_D20_X30_Y60_Z80,8
66,68,27.200000000000003,1.0,S4_D20_X30_Y52.8_Z80,S4_D20_X30_Y80_Z80,7
66,69,34.400000000000006,1.0,S4_D20_X30_Y52.8_Z80,S4_D20_X30_Y87.2_Z80,6
66,75,30.851904317237857,1.0,S4_D20_X30_Y52.8_Z80,S4_D20_X60_Y45.6_Z80,0
66,76,30.0,1.0,S4_D20_X30_Y52.8_Z80,S4_D20_X60_Y52.8_Z80,0
66,77,30.85190431723786,1.0,S4_D20_X30_Y52.8_Z80,S4_D20_X60_Y60_Z80,0
67,68,20.0,1.0,S4_D20_X30_Y60_Z80,S4_D20_X30_Y80_Z80,8
67,69,27.200000000000003,1.0,S4_D20_X30_Y60_Z80,S4_D20_X30_Y87.2_Z80,7
67,70,34.400000000000006,1.0,S4_D20_X30_Y60_Z80,S4_D20_X30_Y94.4_Z80,4
67,75,33.27701909726891,1.0,S4_D20_X30_Y60_Z80,S4_D20_X60_Y45.6_Z80,0
67,76,30.85190431723786,1.0,S4_D20_X30_Y60_Z80,S4_D20_X60_Y52.8_Z80,0
67,77,30.0,1.0,S4_D20_X30_Y60_Z80,S4_D20_X60_Y60_Z80,0
68,69,7.200000000000003,1.0,S4_D20_X30_Y80_Z80,S4_D20_X30_Y87.2_Z80,8
68,70,14.400000000000006,1.0,S4_D20_X30_Y80_Z80,S4_D20_X30_Y94.4_Z80,5
68,71,34.400000000000006,1.0,S4_D20_X30_Y80_Z80,S4_D20_X30_Y114.4_Z80,4
68,78,30.0,1.0,S4_D20_X30_Y80_Z80,S4_D20_X60_Y80_Z80,0
68,79,30.85190431723786,1.0,S4_D20_X30_Y80_Z80,S4_D20_X60_Y87.2_Z80,0
68,80,33.27701909726892,1.0,S4_D20_X30_Y80_Z80,S4_D20_X60_Y94.4_Z80,0
69,70,7.200000000000003,1.0,S4_D20_X30_Y87.2_Z80,S4_D20_X30_Y94.4_Z80,8
69,71,27.200000000000003,1.0,S4_D20_X30_Y87.2_Z80,S4_D20_X30_Y114.4_Z80,7
69,72,34.39999999999999,1.0,S4_D20_X30_Y87.2_Z80,S4_D20_X30_Y121.6_Z80,6
69,78,30.85190431723786,1.0,S4_D20_X30_Y87.2_Z80,S4_D20_X60_Y80_Z80,0
69,79,30.0,1.0,S4_D20_X30_Y87.2_Z80,S4_D20_X60_Y87.2_Z80,0
69,80,30.85190431723786,1.0,S4_D20_X30_Y87.2_Z80,S4_D20_X60_Y94.4_Z80,0
70,71,20.0,1.0,S4_D20_X30_Y94.4_Z80,S4_D20_X30_Y114.4_Z80,8
70,72,27.19999999999999,1.0,S4_D20_X30_Y94.4_Z80,S4_D20_X30_Y121.6_Z80,7
70,78,33.27701909726892,1.0,S4_D20_X30_Y94.4_Z80,S4_D20_X60_Y80_Z80,0
70,79,30.85190431723786,1.0,S4_D20_X30_Y94.4_Z80,S4_D20_X60_Y87.2_Z80,0
70,80,30.0,1.0,S4_D20_X30_Y94.4_Z80,S4_D20_X60_Y94.4_Z80,0
71,72,7.199999999999989,1.0,S4_D20_X30_Y114.4_Z80,S4_D20_X30_Y121.6_Z80,7
71,81,30.0,1.0,S4_D20_X30_Y114.4_Z80,S4_D20_X60_Y114.4_Z80,0
71,82,30.851904317237857,1.0,S4_D20_X30_Y114.4_Z80,S4_D20_X60_Y121.6_Z80,0
72,81,30.851904317237857,1.0,S4_D20_X30_Y121.6_Z80,S4_D20_X60_Y114.4_Z80,0
72,82,30.0,1.0,S4_D20_X30_Y121.6_Z80,S4_D20_X60_Y121.6_Z80,0
73,74,7.200000000000003,1.0,S4_D20_X60_Y18.4_Z80,S4_D20_X60_Y25.6_Z80,8
73,75,27.200000000000003,1.0,S4_D20_X60_Y18.4_Z80,S4_D20_X60_Y45.6_Z80,7
73,76,34.4,1.0,S4_D20_X60_Y18.4_Z80,S4_D20_X60_Y52.8_Z80,6
73,83,30.0,1.0,S4_D20_X60_Y18.4_Z80,S4_D20_X90_Y18.4_Z80,0
73,84,30.85190431723786,1.0,S4_D20_X60_Y18.4_Z80,S4_D20_X90_Y25.6_Z80,0
74,75,20.0,1.0,S4_D20_X60_Y25.6_Z80,S4_D20_X60_Y45.6_Z80,8
74,76,27.199999999999996,1.0,S4_D20_X60_Y25.6_Z80,S4_D20_X60_Y52.8_Z80,7
74,77,34.4,1.0,S4_D20_X60_Y25.6_Z80,S4_D20_X60_Y60_Z80,4
74,83,30.85190431723786,1.0,S4_D20_X60_Y25.6_Z80,S4_D20_X90_Y18.4_Z80,0
74,84,30.0,1.0,S4_D20_X60_Y25.6_Z80,S4_D20_X90_Y25.6_Z80,0
75,76,7.199999999999996,1.0,S4_D20_X60_Y45.6_Z80,S4_D20_X60_Y52.8_Z80,8
75,77,14.399999999999999,1.0,S4_D20_X60_Y45.6_Z80,S4_D20_X60_Y60_Z80,5
75,78,34.4,1.0,S4_D20_X60_Y45.6_Z80,S4_D20_X60_Y80_Z80,4
75,85,30.0,1.0,S4_D20_X60_Y45.6_Z80,S4_D20_X90_Y45.6_Z80,0
75,86,30.851904317237857,1.0,S4_D20_X60_Y45.6_Z80,S4_D20_X90_Y52.8_Z80,0
75,87,33.27701909726891,1.0,S4_D20_X60_Y45.6_Z80,S4_D20_X90_Y60_Z80,0
76,77,7.200000000000003,1.0,S4_D20_X60_Y52.8_Z80,S4_D20_X60_Y60_Z80,8
76,78,27.200000000000003,1.0,S4_D20_X60_Y52.8_Z80,S4_D20_X60_Y80_Z80,7
76,79,34.400000000000006,1.0,S4_D20_X60_Y52.8_Z80,S4_D20_X60_Y87.2_Z80,6
76,85,30.851904317237857,1.0,S4_D20_X60_Y52.8_Z80,S4_D20_X90_Y45.6_Z80,0
76,86,30.0,1.0,S4_D20_X60_Y52.8_Z80,S4_D20_X90_Y52.8_Z80,0
76,87,30.85190431723786,1.0,S4_D20_X60_Y52.8_Z80,S4_D20_X90_Y60_Z80,0
77,78,20.0,1.0,S4_D20_X60_Y60_Z80,S4_D20_X60_Y80_Z80,8
77,79,27.200000000000003,1.0,S4_D20_X60_Y60_Z80,S4_D20_X60_Y87.2_Z80,7
77,80,34.400000000000006,1.0,S4_D20_X60_Y60_Z80,S4_D20_X60_Y94.4_Z80,4
77,85,33.27701909726891,1.0,S4_D20_X60_Y60_Z80,S4_D20_X90_Y45.6_Z80,0
77,86,30.85190431723786,1.0,S4_D20_X60_Y60_Z80,S4_D20_X90_Y52.8_Z80,0
77,87,30.0,1.0,S4_D20_X60_Y60_Z80,S4_D20_X90_Y60_Z80,0
78,79,7.200000000000003,1.0,S4_D20_X60_Y80_Z80,S4_D20_X60_Y87.2_Z80,8
78,80,14.400000000000006,1.0,S4_D20_X60_Y80_Z80,S4_D20_X60_Y94.4_Z80,5
78,81,34.400000000000006,1.0,S4_D20_X60_Y80_Z80,S4_D20_X60_Y114.4_Z80,4
78,88,30.0,1.0,S4_D20_X60_Y80_Z80,S4_D20_X90_Y80_Z80,0
78,89,30.85190431723786,1.0,S4_D20_X60_Y80_Z80,S4_D20_X90_Y87.2_Z80,0
78,90,33.27701909726892,1.0,S4_D20_X60_Y80_Z80,S4_D20_X90_Y94.4_Z80,0
79,80,7.200000000000003,1.0,S4_D20_X60_Y87.2_Z80,S4_D20_X60_Y94.4_Z80,8
79,81,27.200000000000003,1.0,S4_D20_X60_Y87.2_Z80,S4_D20_X60_Y114.4_Z80,7
79,82,34.39999999999999,1.0,S4_D20_X60_Y87.2_Z80,S4_D20_X60_Y121.6_Z80,6
79,88,30.85190431723786,1.0,S4_D20_X60_Y87.2_Z80,S4_D20_X90_Y80_Z80,0
79,89,30.0,1.0,S4_D20_X60_Y87.2_Z80,S4_D20_X90_Y87.2_Z80,0
79,90,30.85190431723786,1.0,S4_D20_X60_Y87.2_Z80,S4_D20_X90_Y94.4_Z80,0
80,81,20.0,1.0,S4_D20_X60_Y94.4_Z80,S4_D20_X60_Y114.4_Z80,8
80,82,27.19999999999999,1.0,S4_D20_X60_Y94.4_Z80,S4_D20_X60_Y121.6_Z80,7
80,88,33.27701909726892,1.0,S4_D20_X60_Y94.4_Z80,S4_D20_X90_Y80_Z80,0
80,89,30.85190431723786,1.0,S4_D20_X60_Y94.4_Z80,S4_D20_X90_Y87.2_Z80,0
80,90,30.0,1.0,S4_D20_X60_Y94.4_Z80,S4_D20_X90_Y94.4_Z80,0
81,82,7.199999999999989,1.0,S4_D20_X60_Y114.4_Z80,S4_D20_X60_Y121.6_Z80,8
81,91,30.0,1.0,S4_D20_X60_Y114.4_Z80,S4_D20_X90_Y114.4_Z80,0
81,92,30.851904317237857,1.0,S4_D20_X60_Y114.4_Z80,S4_D20_X90_Y121.6_Z80,3
82,91,30.851904317237857,1.0,S4_D20_X60_Y121.6_Z80,S4_D20_X90_Y114.4_Z80,3
82,92,30.0,1.0,S4_D20_X60_Y121.6_Z80,S4_D20_X90_Y121.6_Z80,6
83,84,7.200000000000003,1.0,S4_D20_X90_Y18.4_Z80,S4_D20_X90_Y25.6_Z80,7
83,85,27.200000000000003,1.0,S4_D20_X90_Y18.4_Z80,S4_D20_X90_Y45.6_Z80,7
83,86,34.4,1.0,S4_D20_X90_Y18.4_Z80,S4_D20_X90_Y52.8_Z80,6
84,85,20.0,1.0,S4_D20_X90_Y25.6_Z80,S4_D20_X90_Y45.6_Z80,8
84,86,27.199999999999996,1.0,S4_D20_X90_Y25.6_Z80,S4_D20_X90_Y52.8_Z80,7
84,87,34.4,1.0,S4_D20_X90_Y25.6_Z80,S4_D20_X90_Y60_Z80,4
85,86,7.199999999999996,1.0,S4_D20_X90_Y45.6_Z80,S4_D20_X90_Y52.8_Z80,8
85,87,14.399999999999999,1.0,S4_D20_X90_Y45.6_Z80,S4_D20_X90_Y60_Z80,5
85,88,34.4,1.0,S4_D20_X90_Y45.6_Z80,S4_D20_X90_Y80_Z80,4
86,87,7.200000000000003,1.0,S4_D20_X90_Y52.8_Z80,S4_D20_X90_Y60_Z80,8
86,88,27.200000000000003,1.0,S4_D20_X90_Y52.8_Z80,S4_D20_X90_Y80_Z80,7
86,89,34.400000000000006,1.0,S4_D20_X90_Y52.8_Z80,S4_D20_X90_Y87.2_Z80,6
87,88,20.0,1.0,S4_D20_X90_Y60_Z80,S4_D20_X90_Y80_Z80,8
87,89,27.200000000000003,1.0,S4_D20_X90_Y60_Z80,S4_D20_X90_Y87.2_Z80,7
87,90,34.400000000000006,1.0,S4_D20_X90_Y60_Z80,S4_D20_X90_Y94.4_Z80,4
88,89,7.200000000000003,1.0,S4_D20_X90_Y80_Z80,S4_D20_X90_Y87.2_Z80,8
88,90,14.400000000000006,1.0,S4_D20_X90_Y80_Z80,S4_D20_X90_Y94.4_Z80,5
88,91,34.400000000000006,1.0,S4_D20_X90_Y80_Z80,S4_D20_X90_Y114.4_Z80,4
89,90,7.200000000000003,1.0,S4_D20_X90_Y87.2_Z80,S4_D20_X90_Y94.4_Z80,8
89,91,27.200000000000003,1.0,S4_D20_X90_Y87.2_Z80,S4_D20_X90_Y114.4_Z80,7
89,92,34.39999999999999,1.0,S4_D20_X90_Y87.2_Z80,S4_D20_X90_Y121.6_Z80,6
90,91,20.0,1.0,S4_D20_X90_Y94.4_Z80,S4_D20_X90_Y114.4_Z80,8
90,92,27.19999999999999,1.0,S4_D20_X90_Y94.4_Z80,S4_D20_X90_Y121.6_Z80,7
91,92,7.199999999999989,1.0,S4_D20_X90_Y114.4_Z80,S4_D20_X90_Y121.6_Z80,8
93,94,7.200000000000003,1.0,S4_D50_X120_Y18.4_Z50,S4_D50_X120_Y25.6_Z50,7
93,95,27.200000000000003,1.0,S4_D50_X120_Y18.4_Z50,S4_D50_X120_Y45.6_Z50,7
93,96,34.4,1.0,S4_D50_X120_Y18.4_Z50,S4_D50_X120_Y52.8_Z50,6
94,95,20.0,1.0,S4_D50_X120_Y25.6_Z50,S4_D50_X120_Y45.6_Z50,8
94,96,27.199999999999996,1.0,S4_D50_X120_Y25.6_Z50,S4_D50_X120_Y52.8_Z50,7
94,97,34.4,1.0,S4_D50_X120_Y25.6_Z50,S4_D50_X120_Y60_Z50,4
95,96,7.199999999999996,1.0,S4_D50_X120_Y45.6_Z50,S4_D50_X120_Y52.8_Z50,8
95,97,14.399999999999999,1.0,S4_D50_X120_Y45.6_Z50,S4_D50_X120_Y60_Z50,5
95,98,34.4,1.0,S4_D50_X120_Y45.6_Z50,S4_D50_X120_Y80_Z50,4
96,97,7.200000000000003,1.0,S4_D50_X120_Y52.8_Z50,S4_D50_X120_Y60_Z50,8
96,98,27.200000000000003,1.0,S4_D50_X120_Y52.8_Z50,S4_D50_X120_Y80_Z50,7
96,99,34.400000000000006,1.0,S4_D50_X120_Y52.8_Z50,S4_D50_X120_Y87.2_Z50,6
97,98,20.0,1.0,S4_D50_X120_Y60_Z50,S4_D50_X120_Y80_Z50,8
97,99,27.200000000000003,1.0,S4_D50_X120_Y60_Z50,S4_D50_X120_Y87.2_Z50,7
97,100,34.400000000000006,1.0,S4_D50_X120_Y60_Z50,S4_D50_X120_Y94.4_Z50,4
98,99,7.200000000000003,1.0,S4_D50_X120_Y80_Z50,S4_D50_X120_Y87.2_Z50,8
98,100,14.400000000000006,1.0,S4_D50_X120_Y80_Z50,S4_D50_X120_Y94.4_Z50,5
98,101,34.400000000000006,1.0,S4_D50_X120_Y80_Z50,S4_D50_X120_Y114.4_Z50,4
99,100,7.200000000000003,1.0,S4_D50_X120_Y87.2_Z50,S4_D50_X120_Y94.4_Z50,8
99,101,27.200000000000003,1.0,S4_D50_X120_Y87.2_Z50,S4_D50_X120_Y114.4_Z50,7
99,102,34.39999999999999,1.0,S4_D50_X120_Y87.2_Z50,S4_D50_X120_Y121.6_Z50,6
100,101,20.0,1.0,S4_D50_X120_Y94.4_Z50,S4_D50_X120_Y114.4_Z50,8
100,102,27.19999999999999,1.0,S4_D50_X120_Y94.4_Z50,S4_D50_X120_Y121.6_Z50,7
101,102,7.199999999999989,1.0,S4_D50_X120_Y114.4_Z50,S4_D50_X120_Y121.6_Z50,8
103,104,7.200000000000003,1.0,S4_D80_X150_Y18.4_Z20,S4_D80_X150_Y25.6_Z20,8
103,105,27.200000000000003,1.0,S4_D80_X150_Y18.4_Z20,S4_D80_X150_Y45.6_Z20,7
103,106,34.4,1.0,S4_D80_X150_Y18.4_Z20,S4_D80_X150_Y52.8_Z20,6
104,105,20.0,1.0,S4_D80_X150_Y25.6_Z20,S4_D80_X150_Y45.6_Z20,8
104,106,27.199999999999996,1.0,S4_D80_X150_Y25.6_Z20,S4_D80_X150_Y52.8_Z20,7
104,107,34.4,1.0,S4_D80_X150_Y25.6_Z20,S4_D80_X150_Y60_Z20,4
105,106,7.199999999999996,1.0,S4_D80_X150_Y45.6_Z20,S4_D80_X150_Y52.8_Z20,8
105,107,14.399999999999999,1.0,S4_D80_X150_Y45.6_Z20,S4_D80_X150_Y60_Z20,5
105,108,34.4,1.0,S4_D80_X150_Y45.6_Z20,S4_D80_X150_Y80_Z20,4
106,107,7.200000000000003,1.0,S4_D80_X150_Y52.8_Z20,S4_D80_X150_Y60_Z20,8
106,108,27.200000000000003,1.0,S4_D80_X150_Y52.8_Z20,S4_D80_X150_Y80_Z20,7
106,109,34.400000000000006,1.0,S4_D80_X150_Y52.8_Z20,S4_D80_X150_Y87.2_Z20,6
107,108,20.0,1.0,S4_D80_X150_Y60_Z20,S4_D80_X150_Y80_Z20,8
107,109,27.200000000000003,1.0,S4_D80_X150_Y60_Z20,S4_D80_X150_Y87.2_Z20,7
107,110,34.400000000000006,1.0,S4_D80_X150_Y60_Z20,S4_D80_X150_Y94.4_Z20,4
108,109,7.200000000000003,1.0,S4_D80_X150_Y80_Z20,S4_D80_X150_Y87.2_Z20,8
108,110,14.400000000000006,1.0,S4_D80_X150_Y80_Z20,S4_D80_X150_Y94.4_Z20,5
108,111,34.400000000000006,1.0,S4_D80_X150_Y80_Z20,S4_D80_X150_Y114.4_Z20,4
109,110,7.200000000000003,1.0,S4_D80_X150_Y87.2_Z20,S4_D80_X150_Y94.4_Z20,8
109,111,27.200000000000003,1.0,S4_D80_X150_Y87.2_Z20,S4_D80_X150_Y114.4_Z20,7
109,112,34.39999999999999,1.0,S4_D80_X150_Y87.2_Z20,S4_D80_X150_Y121.6_Z20,6
110,111,20.0,1.0,S4_D80_X150_Y94.4_Z20,S4_D80_X150_Y114.4_Z20,8
110,112,27.19999999999999,1.0,S4_D80_X150_Y94.4_Z20,S4_D80_X150_Y121.6_Z20,7
111,112,7.199999999999989,1.0,S4_D80_X150_Y114.4_Z20,S4_D80_X150_Y121.6_Z20,7
