group_id,permutation_group,node_count,exchangeable,node_indices,node_ids,merged_local_records
0,horizontal_20cm|line|8:1,2,True,71;84,S4_D20_X30_Y114.4_Z80;S4_D20_X90_Y25.6_Z80,30
1,horizontal_20cm|line|9:1,16,True,64;65;67;68;70;74;75;77;78;80;81;85;87;88;90;91,S4_D20_X30_Y25.6_Z80;S4_D20_X30_Y45.6_Z80;S4_D20_X30_Y60_Z80;S4_D20_X30_Y80_Z80;S4_D20_X30_Y94.4_Z80;S4_D20_X60_Y25.6_Z80;S4_D20_X60_Y45.6_Z80;S4_D20_X60_Y60_Z80;S4_D20_X60_Y80_Z80;S4_D20_X60_Y94.4_Z80;S4_D20_X60_Y114.4_Z80;S4_D20_X90_Y45.6_Z80;S4_D20_X90_Y60_Z80;S4_D20_X90_Y80_Z80;S4_D20_X90_Y94.4_Z80;S4_D20_X90_Y114.4_Z80,567
2,horizontal_20cm|ring|5:1;6:1;7:1,2,True,72;83,S4_D20_X30_Y121.6_Z80;S4_D20_X90_Y18.4_Z80,5
3,horizontal_20cm|ring|9:3,10,True,63;66;69;73;76;79;82;86;89;92,S4_D20_X30_Y18.4_Z80;S4_D20_X30_Y52.8_Z80;S4_D20_X30_Y87.2_Z80;S4_D20_X60_Y18.4_Z80;S4_D20_X60_Y52.8_Z80;S4_D20_X60_Y87.2_Z80;S4_D20_X60_Y121.6_Z80;S4_D20_X90_Y52.8_Z80;S4_D20_X90_Y87.2_Z80;S4_D20_X90_Y121.6_Z80,258
4,horizontal_50cm|line|8:1,1,False,94,S4_D50_X120_Y25.6_Z50,1
5,horizontal_50cm|line|9:1,5,True,95;97;98;100;101,S4_D50_X120_Y45.6_Z50;S4_D50_X120_Y60_Z50;S4_D50_X120_Y80_Z50;S4_D50_X120_Y94.4_Z50;S4_D50_X120_Y114.4_Z50,17
6,horizontal_50cm|ring|5:1;6:1;7:1,1,False,93,S4_D50_X120_Y18.4_Z50,5
7,horizontal_50cm|ring|9:3,3,True,96;99;102,S4_D50_X120_Y52.8_Z50;S4_D50_X120_Y87.2_Z50;S4_D50_X120_Y121.6_Z50,21
8,horizontal_80cm|line|8:1,1,False,111,S4_D80_X150_Y114.4_Z20,165
9,horizontal_80cm|line|9:1,5,True,104;105;107;108;110,S4_D80_X150_Y25.6_Z20;S4_D80_X150_Y45.6_Z20;S4_D80_X150_Y60_Z20;S4_D80_X150_Y80_Z20;S4_D80_X150_Y94.4_Z20,284
10,horizontal_80cm|ring|5:1;6:1;7:1,1,False,112,S4_D80_X150_Y121.6_Z20,1772
11,horizontal_80cm|ring|9:3,3,True,103;106;109,S4_D80_X150_Y18.4_Z20;S4_D80_X150_Y52.8_Z20;S4_D80_X150_Y87.2_Z20,170
12,surface_2cm_slope|line|5:1,1,False,59,S4_D2_X169_Y50_Z8,4
13,surface_2cm_slope|line|6:1,1,False,60,S4_D2_X169_Y70_Z8,10
14,surface_2cm_slope|line|7:1,1,False,61,S4_D2_X169_Y90_Z8,17
15,surface_2cm_slope|line|8:1,1,False,62,S4_D2_X169_Y110_Z8,43
16,surface_2cm_slope|line|9:1,20,True,35;36;37;38;39;41;42;43;44;45;47;48;49;50;51;53;54;55;56;57,S4_D2_X121_Y30_Z72;S4_D2_X121_Y50_Z72;S4_D2_X121_Y70_Z72;S4_D2_X121_Y90_Z72;S4_D2_X121_Y110_Z72;S4_D2_X133_Y30_Z56;S4_D2_X133_Y50_Z56;S4_D2_X133_Y70_Z56;S4_D2_X133_Y90_Z56;S4_D2_X133_Y110_Z56;S4_D2_X145_Y30_Z40;S4_D2_X145_Y50_Z40;S4_D2_X145_Y70_Z40;S4_D2_X145_Y90_Z40;S4_D2_X145_Y110_Z40;S4_D2_X157_Y30_Z24;S4_D2_X157_Y50_Z24;S4_D2_X157_Y70_Z24;S4_D2_X157_Y90_Z24;S4_D2_X157_Y110_Z24,3841
17,surface_2cm_slope|ring|9:11,5,True,34;40;46;52;58,S4_D2_X115_Y120_Z80;S4_D2_X127_Y20_Z64;S4_D2_X139_Y120_Z48;S4_D2_X151_Y20_Z32;S4_D2_X163_Y120_Z16,3622
18,surface_2cm_top|line|5:1,1,False,4,S4_D2_X20_Y100_Z98,119
19,surface_2cm_top|line|6:1,1,False,3,S4_D2_X20_Y80_Z98,150
20,surface_2cm_top|line|7:1,1,False,2,S4_D2_X20_Y60_Z98,71
21,surface_2cm_top|line|8:1,1,False,1,S4_D2_X20_Y40_Z98,86
22,surface_2cm_top|line|9:1,25,True,5;6;7;8;9;12;13;14;15;16;17;18;19;20;21;24;25;26;27;28;29;30;31;32;33,S4_D2_X40_Y20_Z98;S4_D2_X40_Y40_Z98;S4_D2_X40_Y60_Z98;S4_D2_X40_Y80_Z98;S4_D2_X40_Y100_Z98;S4_D2_X60_Y40_Z98;S4_D2_X60_Y60_Z98;S4_D2_X60_Y80_Z98;S4_D2_X60_Y100_Z98;S4_D2_X60_Y120_Z98;S4_D2_X80_Y20_Z98;S4_D2_X80_Y40_Z98;S4_D2_X80_Y60_Z98;S4_D2_X80_Y80_Z98;S4_D2_X80_Y100_Z98;S4_D2_X86_Y40_Z98;S4_D2_X87_Y60_Z98;S4_D2_X88_Y80_Z98;S4_D2_X89_Y100_Z98;S4_D2_X89_Y120_Z98;S4_D2_X95_Y20_Z98;S4_D2_X95_Y40_Z98;S4_D2_X95_Y60_Z98;S4_D2_X95_Y80_Z98;S4_D2_X95_Y100_Z98,1210
23,surface_2cm_top|ring|9:11,4,True,10;11;22;23,S4_D2_X40_Y120_Z98;S4_D2_X60_Y20_Z98;S4_D2_X80_Y120_Z98;S4_D2_X85_Y20_Z98,707
24,surface_2cm_top|ring|9:12,1,False,0,S4_D2_X20_Y20_Z98,583
