physical_event_id,cluster_id,node_index
RGM_0167366,N000_C0000000,0
RGM_0172720,N000_C0000001,0
RGM_0177434,N000_C0000002,0
RGM_0183191,N000_C0000003,0
RGM_0188892,N000_C0000004,0
RGM_0196740,N000_C0000005,0
RGM_0197934,N000_C0000006,0
RGM_0202334,N000_C0000007,0
RGM_0203658,N000_C0000008,0
RGM_0208030,N000_C0000009,0
RGM_0208252,N000_C0000010,0
RGM_0210114,N000_C0000011,0
RGM_0220713,N000_C0000012,0
RGM_0220717,N000_C0000013,0
RGM_0220718,N000_C0000013,0
RGM_0220981,N000_C0000014,0
RGM_0223442,N000_C0000015,0
RGM_0227899,N000_C0000016,0
RGM_0228452,N000_C0000017,0
RGM_0229483,N000_C0000018,0
RGM_0230012,N000_C0000019,0
RGM_0230019,N000_C0000020,0
RGM_0231899,N000_C0000021,0
RGM_0235750,N000_C0000022,0
RGM_0238042,N000_C0000023,0
RGM_0242236,N000_C0000024,0
RGM_0242885,N000_C0000025,0
RGM_0243147,N000_C0000026,0
RGM_0246808,N000_C0000027,0
RGM_0246917,N000_C0000028,0
RGM_0247755,N000_C0000029,0
RGM_0247783,N000_C0000030,0
RGM_0250457,N000_C0000031,0
RGM_0252959,N000_C0000032,0
RGM_0254183,N000_C0000033,0
RGM_0262430,N000_C0000034,0
RGM_0262543,N000_C0000035,0
RGM_0262944,N000_C0000036,0
RGM_0264062,N000_C0000037,0
RGM_0264069,N000_C0000038,0
RGM_0264873,N000_C0000039,0
RGM_0266333,N000_C0000040,0
RGM_0276450,N000_C0000041,0
RGM_0276490,N000_C0000042,0
RGM_0277369,N000_C0000043,0
RGM_0277382,N000_C0000044,0
RGM_0280396,N000_C0000045,0
RGM_0285831,N000_C0000046,0
RGM_0307639,N000_C0000047,0
RGM_0329606,N000_C0000048,0
RGM_0141279,N001_C0000049,1
RGM_0165508,N001_C0000050,1
RGM_0165646,N001_C0000051,1
RGM_0165687,N001_C0000052,1
RGM_0165967,N001_C0000053,1
RGM_0166266,N001_C0000054,1
RGM_0167150,N001_C0000055,1
RGM_0167393,N001_C0000056,1
RGM_0356391,N003_C0000057,3
RGM_0038702,N004_C0000058,4
RGM_0260803,N004_C0000059,4
RGM_0274560,N004_C0000060,4
RGM_0173436,N005_C0000061,5
RGM_0173446,N005_C0000062,5
RGM_0271135,N006_C0000063,6
RGM_0356057,N008_C0000064,8
RGM_0141099,N010_C0000065,10
RGM_0141103,N010_C0000065,10
RGM_0141096,N010_C0000065,10
RGM_0141108,N010_C0000065,10
RGM_0372064,N010_C0000066,10
RGM_0141094,N011_C0000067,11
RGM_0148790,N011_C0000068,11
RGM_0149113,N011_C0000069,11
RGM_0149117,N011_C0000070,11
RGM_0149637,N011_C0000071,11
RGM_0149910,N011_C0000072,11
RGM_0150150,N011_C0000073,11
RGM_0150839,N011_C0000074,11
RGM_0151727,N011_C0000075,11
RGM_0152252,N011_C0000076,11
RGM_0152256,N011_C0000077,11
RGM_0152566,N011_C0000078,11
RGM_0152663,N011_C0000079,11
RGM_0152728,N011_C0000080,11
RGM_0152805,N011_C0000081,11
RGM_0153250,N011_C0000082,11
RGM_0153247,N011_C0000082,11
RGM_0154396,N011_C0000083,11
RGM_0155445,N011_C0000084,11
RGM_0155711,N011_C0000085,11
RGM_0156321,N011_C0000086,11
RGM_0156328,N011_C0000087,11
RGM_0158134,N011_C0000088,11
RGM_0158272,N011_C0000089,11
RGM_0158276,N011_C0000089,11
RGM_0158645,N011_C0000090,11
RGM_0158649,N011_C0000090,11
RGM_0158686,N011_C0000091,11
RGM_0159329,N011_C0000092,11
RGM_0159828,N011_C0000093,11
RGM_0160210,N011_C0000094,11
RGM_0160482,N011_C0000095,11
RGM_0160716,N011_C0000096,11
RGM_0160824,N011_C0000097,11
RGM_0163376,N011_C0000098,11
RGM_0164555,N011_C0000099,11
RGM_0164941,N011_C0000100,11
RGM_0182596,N011_C0000101,11
RGM_0183529,N011_C0000102,11
RGM_0184942,N011_C0000103,11
RGM_0186594,N011_C0000104,11
RGM_0187174,N011_C0000105,11
RGM_0187322,N011_C0000106,11
RGM_0187339,N011_C0000107,11
RGM_0187374,N011_C0000108,11
RGM_0187392,N011_C0000109,11
RGM_0187509,N011_C0000110,11
RGM_0187582,N011_C0000111,11
RGM_0187614,N011_C0000112,11
RGM_0187618,N011_C0000113,11
RGM_0187645,N011_C0000114,11
RGM_0187667,N011_C0000115,11
RGM_0187819,N011_C0000116,11
RGM_0187879,N011_C0000117,11
RGM_0188338,N011_C0000118,11
RGM_0188656,N011_C0000119,11
RGM_0188752,N011_C0000120,11
RGM_0188785,N011_C0000121,11
RGM_0188833,N011_C0000122,11
RGM_0189107,N011_C0000123,11
RGM_0189491,N011_C0000124,11
RGM_0189823,N011_C0000125,11
RGM_0189897,N011_C0000126,11
RGM_0190335,N011_C0000127,11
RGM_0190530,N011_C0000128,11
RGM_0190908,N011_C0000129,11
RGM_0190984,N011_C0000130,11
RGM_0192033,N011_C0000131,11
RGM_0192054,N011_C0000132,11
RGM_0192233,N011_C0000133,11
RGM_0192281,N011_C0000134,11
RGM_0192615,N011_C0000135,11
RGM_0193074,N011_C0000136,11
RGM_0193111,N011_C0000137,11
RGM_0193365,N011_C0000138,11
RGM_0193468,N011_C0000139,11
RGM_0193649,N011_C0000140,11
RGM_0194131,N011_C0000141,11
RGM_0194397,N011_C0000142,11
RGM_0195211,N011_C0000143,11
RGM_0195382,N011_C0000144,11
RGM_0195429,N011_C0000145,11
RGM_0195497,N011_C0000146,11
RGM_0195495,N011_C0000146,11
RGM_0195498,N011_C0000146,11
RGM_0195697,N011_C0000147,11
RGM_0195698,N011_C0000148,11
RGM_0195719,N011_C0000149,11
RGM_0195823,N011_C0000150,11
RGM_0196573,N011_C0000151,11
RGM_0196686,N011_C0000152,11
RGM_0196772,N011_C0000153,11
RGM_0197369,N011_C0000154,11
RGM_0197374,N011_C0000155,11
RGM_0197539,N011_C0000156,11
RGM_0198216,N011_C0000157,11
RGM_0198233,N011_C0000158,11
RGM_0198264,N011_C0000159,11
RGM_0198342,N011_C0000160,11
RGM_0198400,N011_C0000161,11
RGM_0198402,N011_C0000161,11
RGM_0198403,N011_C0000161,11
RGM_0198409,N011_C0000161,11
RGM_0198935,N011_C0000162,11
RGM_0199505,N011_C0000163,11
RGM_0200188,N011_C0000164,11
RGM_0200258,N011_C0000165,11
RGM_0200280,N011_C0000166,11
RGM_0200341,N011_C0000167,11
RGM_0200369,N011_C0000168,11
RGM_0200585,N011_C0000169,11
RGM_0200586,N011_C0000169,11
RGM_0200610,N011_C0000170,11
RGM_0200662,N011_C0000171,11
RGM_0200755,N011_C0000172,11
RGM_0200756,N011_C0000172,11
RGM_0201000,N011_C0000173,11
RGM_0201044,N011_C0000174,11
RGM_0201158,N011_C0000175,11
RGM_0201218,N011_C0000176,11
RGM_0201281,N011_C0000177,11
RGM_0201276,N011_C0000177,11
RGM_0201284,N011_C0000177,11
RGM_0201398,N011_C0000178,11
RGM_0201430,N011_C0000179,11
RGM_0202006,N011_C0000180,11
RGM_0202125,N011_C0000181,11
RGM_0202261,N011_C0000182,11
RGM_0202329,N011_C0000183,11
RGM_0202736,N011_C0000184,11
RGM_0202738,N011_C0000185,11
RGM_0202823,N011_C0000186,11
RGM_0203458,N011_C0000187,11
RGM_0204023,N011_C0000188,11
RGM_0204273,N011_C0000189,11
RGM_0205065,N011_C0000190,11
RGM_0205680,N011_C0000191,11
RGM_0205758,N011_C0000192,11
RGM_0206251,N011_C0000193,11
RGM_0206279,N011_C0000194,11
RGM_0207626,N011_C0000195,11
RGM_0207770,N011_C0000196,11
RGM_0207795,N011_C0000197,11
RGM_0208326,N011_C0000198,11
RGM_0210806,N011_C0000199,11
RGM_0212277,N011_C0000200,11
RGM_0219148,N011_C0000201,11
RGM_0219151,N011_C0000202,11
RGM_0219216,N011_C0000203,11
RGM_0226157,N011_C0000204,11
RGM_0226518,N011_C0000205,11
RGM_0227305,N011_C0000206,11
RGM_0227451,N011_C0000207,11
RGM_0227860,N011_C0000208,11
RGM_0229918,N011_C0000209,11
RGM_0231041,N011_C0000210,11
RGM_0231057,N011_C0000211,11
RGM_0231139,N011_C0000212,11
RGM_0231758,N011_C0000213,11
RGM_0232236,N011_C0000214,11
RGM_0232437,N011_C0000215,11
RGM_0238722,N011_C0000216,11
RGM_0249632,N011_C0000217,11
RGM_0249947,N011_C0000218,11
RGM_0250229,N011_C0000219,11
RGM_0251792,N011_C0000220,11
RGM_0252931,N011_C0000221,11
RGM_0253997,N011_C0000222,11
RGM_0256943,N011_C0000223,11
RGM_0257030,N011_C0000224,11
RGM_0260213,N011_C0000225,11
RGM_0260415,N011_C0000226,11
RGM_0260625,N011_C0000227,11
RGM_0263126,N011_C0000228,11
RGM_0263509,N011_C0000229,11
RGM_0263902,N011_C0000230,11
RGM_0264223,N011_C0000231,11
RGM_0265306,N011_C0000232,11
RGM_0266983,N011_C0000233,11
RGM_0267276,N011_C0000234,11
RGM_0269836,N011_C0000235,11
RGM_0269844,N011_C0000236,11
RGM_0269846,N011_C0000236,11
RGM_0269851,N011_C0000236,11
RGM_0269853,N011_C0000236,11
RGM_0269910,N011_C0000237,11
RGM_0269912,N011_C0000237,11
RGM_0269918,N011_C0000237,11
RGM_0271099,N011_C0000238,11
RGM_0272790,N011_C0000239,11
RGM_0275009,N011_C0000240,11
RGM_0278569,N011_C0000241,11
RGM_0280849,N011_C0000242,11
RGM_0280950,N011_C0000243,11
RGM_0281299,N011_C0000244,11
RGM_0281440,N011_C0000245,11
RGM_0281526,N011_C0000246,11
RGM_0281634,N011_C0000247,11
RGM_0281738,N011_C0000248,11
RGM_0281775,N011_C0000249,11
RGM_0281901,N011_C0000250,11
RGM_0282055,N011_C0000251,11
RGM_0282074,N011_C0000252,11
RGM_0282128,N011_C0000253,11
RGM_0282135,N011_C0000254,11
RGM_0282386,N011_C0000255,11
RGM_0282430,N011_C0000256,11
RGM_0282622,N011_C0000257,11
RGM_0282648,N011_C0000258,11
RGM_0283003,N011_C0000259,11
RGM_0283040,N011_C0000260,11
RGM_0283084,N011_C0000261,11
RGM_0283130,N011_C0000262,11
RGM_0283139,N011_C0000263,11
RGM_0283150,N011_C0000264,11
RGM_0283207,N011_C0000265,11
RGM_0283218,N011_C0000266,11
RGM_0283230,N011_C0000267,11
RGM_0283274,N011_C0000268,11
RGM_0283462,N011_C0000269,11
RGM_0283477,N011_C0000270,11
RGM_0283487,N011_C0000271,11
RGM_0283489,N011_C0000272,11
RGM_0283713,N011_C0000273,11
RGM_0283724,N011_C0000274,11
RGM_0283753,N011_C0000275,11
RGM_0283763,N011_C0000276,11
RGM_0283764,N011_C0000276,11
RGM_0283933,N011_C0000277,11
RGM_0283940,N011_C0000278,11
RGM_0283943,N011_C0000279,11
RGM_0283958,N011_C0000280,11
RGM_0284004,N011_C0000281,11
RGM_0284107,N011_C0000282,11
RGM_0284175,N011_C0000283,11
RGM_0284178,N011_C0000283,11
RGM_0284242,N011_C0000284,11
RGM_0284315,N011_C0000285,11
RGM_0284440,N011_C0000286,11
RGM_0284514,N011_C0000287,11
RGM_0284544,N011_C0000288,11
RGM_0284569,N011_C0000289,11
RGM_0284587,N011_C0000290,11
RGM_0284612,N011_C0000291,11
RGM_0284648,N011_C0000292,11
RGM_0284660,N011_C0000293,11
RGM_0284814,N011_C0000294,11
RGM_0284901,N011_C0000295,11
RGM_0284902,N011_C0000295,11
RGM_0284923,N011_C0000296,11
RGM_0284962,N011_C0000297,11
RGM_0285064,N011_C0000298,11
RGM_0285207,N011_C0000299,11
RGM_0285246,N011_C0000300,11
RGM_0285338,N011_C0000301,11
RGM_0285339,N011_C0000301,11
RGM_0285402,N011_C0000302,11
RGM_0285418,N011_C0000303,11
RGM_0285419,N011_C0000303,11
RGM_0285474,N011_C0000304,11
RGM_0285553,N011_C0000305,11
RGM_0285563,N011_C0000306,11
RGM_0285564,N011_C0000306,11
RGM_0285654,N011_C0000307,11
RGM_0285678,N011_C0000308,11
RGM_0285726,N011_C0000309,11
RGM_0285844,N011_C0000310,11
RGM_0285911,N011_C0000311,11
RGM_0285932,N011_C0000312,11
RGM_0286014,N011_C0000313,11
RGM_0286051,N011_C0000314,11
RGM_0286086,N011_C0000315,11
RGM_0286180,N011_C0000316,11
RGM_0287130,N011_C0000317,11
RGM_0287810,N011_C0000318,11
RGM_0287875,N011_C0000319,11
RGM_0288691,N011_C0000320,11
RGM_0289014,N011_C0000321,11
RGM_0289012,N011_C0000321,11
RGM_0289334,N011_C0000322,11
RGM_0289569,N011_C0000323,11
RGM_0290181,N011_C0000324,11
RGM_0290183,N011_C0000324,11
RGM_0290185,N011_C0000324,11
RGM_0290190,N011_C0000324,11
RGM_0290317,N011_C0000325,11
RGM_0290367,N011_C0000326,11
RGM_0290600,N011_C0000327,11
RGM_0290710,N011_C0000328,11
RGM_0290706,N011_C0000328,11
RGM_0290712,N011_C0000328,11
RGM_0290750,N011_C0000329,11
RGM_0291131,N011_C0000330,11
RGM_0291389,N011_C0000331,11
RGM_0291390,N011_C0000331,11
RGM_0291392,N011_C0000331,11
RGM_0291394,N011_C0000331,11
RGM_0291467,N011_C0000332,11
RGM_0291471,N011_C0000332,11
RGM_0291509,N011_C0000333,11
RGM_0292336,N011_C0000334,11
RGM_0292951,N011_C0000335,11
RGM_0293115,N011_C0000336,11
RGM_0293106,N011_C0000336,11
RGM_0293107,N011_C0000336,11
RGM_0293118,N011_C0000336,11
RGM_0294946,N011_C0000337,11
RGM_0294996,N011_C0000338,11
RGM_0295042,N011_C0000339,11
RGM_0295043,N011_C0000339,11
RGM_0295174,N011_C0000340,11
RGM_0295186,N011_C0000341,11
RGM_0295258,N011_C0000342,11
RGM_0295260,N011_C0000343,11
RGM_0295372,N011_C0000344,11
RGM_0295373,N011_C0000345,11
RGM_0295419,N011_C0000346,11
RGM_0295423,N011_C0000346,11
RGM_0295420,N011_C0000346,11
RGM_0295422,N011_C0000346,11
RGM_0295424,N011_C0000346,11
RGM_0295435,N011_C0000347,11
RGM_0295437,N011_C0000347,11
RGM_0295438,N011_C0000347,11
RGM_0295498,N011_C0000348,11
RGM_0295500,N011_C0000349,11
RGM_0295551,N011_C0000350,11
RGM_0295556,N011_C0000350,11
RGM_0295554,N011_C0000350,11
RGM_0295558,N011_C0000350,11
RGM_0295586,N011_C0000351,11
RGM_0295648,N011_C0000352,11
RGM_0295654,N011_C0000353,11
RGM_0295708,N011_C0000354,11
RGM_0295751,N011_C0000355,11
RGM_0295753,N011_C0000356,11
RGM_0295759,N011_C0000357,11
RGM_0295762,N011_C0000358,11
RGM_0295812,N011_C0000359,11
RGM_0295817,N011_C0000359,11
RGM_0295818,N011_C0000359,11
RGM_0295857,N011_C0000360,11
RGM_0295859,N011_C0000360,11
RGM_0295861,N011_C0000360,11
RGM_0295862,N011_C0000360,11
RGM_0295864,N011_C0000361,11
RGM_0295959,N011_C0000362,11
RGM_0296011,N011_C0000363,11
RGM_0296015,N011_C0000363,11
RGM_0296017,N011_C0000363,11
RGM_0296018,N011_C0000363,11
RGM_0296021,N011_C0000364,11
RGM_0296068,N011_C0000365,11
RGM_0296071,N011_C0000366,11
RGM_0296070,N011_C0000366,11
RGM_0296080,N011_C0000367,11
RGM_0296174,N011_C0000368,11
RGM_0296196,N011_C0000369,11
RGM_0296198,N011_C0000370,11
RGM_0296259,N011_C0000371,11
RGM_0296260,N011_C0000371,11
RGM_0296261,N011_C0000371,11
RGM_0296267,N011_C0000372,11
RGM_0296268,N011_C0000372,11
RGM_0296270,N011_C0000372,11
RGM_0296310,N011_C0000373,11
RGM_0296312,N011_C0000374,11
RGM_0296313,N011_C0000374,11
RGM_0296316,N011_C0000374,11
RGM_0296319,N011_C0000374,11
RGM_0296320,N011_C0000374,11
RGM_0296388,N011_C0000375,11
RGM_0296389,N011_C0000375,11
RGM_0296394,N011_C0000375,11
RGM_0296396,N011_C0000375,11
RGM_0296398,N011_C0000375,11
RGM_0296402,N011_C0000375,11
RGM_0296723,N011_C0000376,11
RGM_0296724,N011_C0000376,11
RGM_0296841,N011_C0000377,11
RGM_0296843,N011_C0000378,11
RGM_0296846,N011_C0000378,11
RGM_0296847,N011_C0000378,11
RGM_0296848,N011_C0000379,11
RGM_0296893,N011_C0000380,11
RGM_0296895,N011_C0000380,11
RGM_0296897,N011_C0000381,11
RGM_0297000,N011_C0000382,11
RGM_0297258,N011_C0000383,11
RGM_0297299,N011_C0000384,11
RGM_0297302,N011_C0000385,11
RGM_0297528,N011_C0000386,11
RGM_0297526,N011_C0000386,11
RGM_0297529,N011_C0000386,11
RGM_0297530,N011_C0000386,11
RGM_0297590,N011_C0000387,11
RGM_0297588,N011_C0000387,11
RGM_0297594,N011_C0000388,11
RGM_0297709,N011_C0000389,11
RGM_0297711,N011_C0000389,11
RGM_0297768,N011_C0000390,11
RGM_0297767,N011_C0000390,11
RGM_0297803,N011_C0000391,11
RGM_0297918,N011_C0000392,11
RGM_0297920,N011_C0000393,11
RGM_0297923,N011_C0000393,11
RGM_0297924,N011_C0000393,11
RGM_0297963,N011_C0000394,11
RGM_0297966,N011_C0000394,11
RGM_0298169,N011_C0000395,11
RGM_0298171,N011_C0000395,11
RGM_0298236,N011_C0000396,11
RGM_0298234,N011_C0000396,11
RGM_0298235,N011_C0000396,11
RGM_0298242,N011_C0000396,11
RGM_0298241,N011_C0000396,11
RGM_0298247,N011_C0000396,11
RGM_0298240,N011_C0000396,11
RGM_0298246,N011_C0000396,11
RGM_0298249,N011_C0000396,11
RGM_0298551,N011_C0000397,11
RGM_0298614,N011_C0000398,11
RGM_0298617,N011_C0000399,11
RGM_0298738,N011_C0000400,11
RGM_0298796,N011_C0000401,11
RGM_0298797,N011_C0000401,11
RGM_0298804,N011_C0000402,11
RGM_0298803,N011_C0000402,11
RGM_0298812,N011_C0000403,11
RGM_0298814,N011_C0000403,11
RGM_0298895,N011_C0000404,11
RGM_0298920,N011_C0000405,11
RGM_0298919,N011_C0000405,11
RGM_0298922,N011_C0000405,11
RGM_0298984,N011_C0000406,11
RGM_0299182,N011_C0000407,11
RGM_0299186,N011_C0000407,11
RGM_0299188,N011_C0000407,11
RGM_0299193,N011_C0000408,11
RGM_0299195,N011_C0000409,11
RGM_0299196,N011_C0000409,11
RGM_0299287,N011_C0000410,11
RGM_0299288,N011_C0000410,11
RGM_0299289,N011_C0000410,11
RGM_0299302,N011_C0000411,11
RGM_0299301,N011_C0000411,11
RGM_0299345,N011_C0000412,11
RGM_0299843,N011_C0000413,11
RGM_0299873,N011_C0000414,11
RGM_0299877,N011_C0000415,11
RGM_0299935,N011_C0000416,11
RGM_0299964,N011_C0000417,11
RGM_0300231,N011_C0000418,11
RGM_0300375,N011_C0000419,11
RGM_0300393,N011_C0000420,11
RGM_0300396,N011_C0000420,11
RGM_0300398,N011_C0000421,11
RGM_0300399,N011_C0000421,11
RGM_0300435,N011_C0000422,11
RGM_0300440,N011_C0000422,11
RGM_0300443,N011_C0000422,11
RGM_0300442,N011_C0000422,11
RGM_0300733,N011_C0000423,11
RGM_0300735,N011_C0000423,11
RGM_0300800,N011_C0000424,11
RGM_0300801,N011_C0000424,11
RGM_0300802,N011_C0000424,11
RGM_0300805,N011_C0000424,11
RGM_0300811,N011_C0000425,11
RGM_0300813,N011_C0000425,11
RGM_0300815,N011_C0000425,11
RGM_0300814,N011_C0000425,11
RGM_0300912,N011_C0000426,11
RGM_0300914,N011_C0000426,11
RGM_0300913,N011_C0000426,11
RGM_0300915,N011_C0000426,11
RGM_0300916,N011_C0000426,11
RGM_0300988,N011_C0000427,11
RGM_0300990,N011_C0000427,11
RGM_0300991,N011_C0000427,11
RGM_0300996,N011_C0000428,11
RGM_0300997,N011_C0000428,11
RGM_0301000,N011_C0000429,11
RGM_0301191,N011_C0000430,11
RGM_0301193,N011_C0000430,11
RGM_0301195,N011_C0000430,11
RGM_0301200,N011_C0000430,11
RGM_0301201,N011_C0000430,11
RGM_0301291,N011_C0000431,11
RGM_0301294,N011_C0000431,11
RGM_0301373,N011_C0000432,11
RGM_0301374,N011_C0000432,11
RGM_0301376,N011_C0000432,11
RGM_0301620,N011_C0000433,11
RGM_0301674,N011_C0000434,11
RGM_0301677,N011_C0000435,11
RGM_0301680,N011_C0000435,11
RGM_0301682,N011_C0000435,11
RGM_0301683,N011_C0000435,11
RGM_0301687,N011_C0000435,11
RGM_0301686,N011_C0000435,11
RGM_0301689,N011_C0000435,11
RGM_0301690,N011_C0000435,11
RGM_0301778,N011_C0000436,11
RGM_0301780,N011_C0000437,11
RGM_0301782,N011_C0000437,11
RGM_0301784,N011_C0000437,11
RGM_0301786,N011_C0000437,11
RGM_0301863,N011_C0000438,11
RGM_0301867,N011_C0000438,11
RGM_0301866,N011_C0000438,11
RGM_0301871,N011_C0000439,11
RGM_0302160,N011_C0000440,11
RGM_0302168,N011_C0000441,11
RGM_0302230,N011_C0000442,11
RGM_0302245,N011_C0000442,11
RGM_0302234,N011_C0000442,11
RGM_0302235,N011_C0000442,11
RGM_0302237,N011_C0000442,11
RGM_0302243,N011_C0000442,11
RGM_0302239,N011_C0000442,11
RGM_0302241,N011_C0000442,11
RGM_0302251,N011_C0000442,11
RGM_0302286,N011_C0000443,11
RGM_0302288,N011_C0000443,11
RGM_0302287,N011_C0000443,11
RGM_0302290,N011_C0000443,11
RGM_0302367,N011_C0000444,11
RGM_0302363,N011_C0000444,11
RGM_0302362,N011_C0000444,11
RGM_0302365,N011_C0000444,11
RGM_0302366,N011_C0000444,11
RGM_0302921,N011_C0000445,11
RGM_0302918,N011_C0000445,11
RGM_0302920,N011_C0000445,11
RGM_0302923,N011_C0000445,11
RGM_0303084,N011_C0000446,11
RGM_0303085,N011_C0000446,11
RGM_0303086,N011_C0000446,11
RGM_0303087,N011_C0000446,11
RGM_0303648,N011_C0000447,11
RGM_0303649,N011_C0000447,11
RGM_0303651,N011_C0000447,11
RGM_0303707,N011_C0000448,11
RGM_0303711,N011_C0000449,11
RGM_0303726,N011_C0000450,11
RGM_0303724,N011_C0000450,11
RGM_0303727,N011_C0000450,11
RGM_0303729,N011_C0000450,11
RGM_0303730,N011_C0000450,11
RGM_0303732,N011_C0000451,11
RGM_0303734,N011_C0000451,11
RGM_0303801,N011_C0000452,11
RGM_0303804,N011_C0000453,11
RGM_0303965,N011_C0000454,11
RGM_0303960,N011_C0000454,11
RGM_0303963,N011_C0000454,11
RGM_0303956,N011_C0000454,11
RGM_0303957,N011_C0000454,11
RGM_0303964,N011_C0000454,11
RGM_0303967,N011_C0000454,11
RGM_0303962,N011_C0000454,11
RGM_0304027,N011_C0000455,11
RGM_0304028,N011_C0000455,11
RGM_0304029,N011_C0000455,11
RGM_0304031,N011_C0000455,11
RGM_0304033,N011_C0000455,11
RGM_0304035,N011_C0000455,11
RGM_0304127,N011_C0000456,11
RGM_0304129,N011_C0000456,11
RGM_0304325,N011_C0000457,11
RGM_0304326,N011_C0000457,11
RGM_0304393,N011_C0000458,11
RGM_0304398,N011_C0000458,11
RGM_0304913,N011_C0000459,11
RGM_0304915,N011_C0000459,11
RGM_0304982,N011_C0000460,11
RGM_0304988,N011_C0000461,11
RGM_0305060,N011_C0000462,11
RGM_0305062,N011_C0000462,11
RGM_0305066,N011_C0000462,11
RGM_0305067,N011_C0000462,11
RGM_0305238,N011_C0000463,11
RGM_0305592,N011_C0000464,11
RGM_0305594,N011_C0000465,11
RGM_0306145,N011_C0000466,11
RGM_0306146,N011_C0000466,11
RGM_0306147,N011_C0000466,11
RGM_0306149,N011_C0000466,11
RGM_0306190,N011_C0000467,11
RGM_0306192,N011_C0000467,11
RGM_0306314,N011_C0000468,11
RGM_0306545,N011_C0000469,11
RGM_0307357,N011_C0000470,11
RGM_0307467,N011_C0000471,11
RGM_0307541,N011_C0000472,11
RGM_0307545,N011_C0000473,11
RGM_0307599,N011_C0000474,11
RGM_0307609,N011_C0000475,11
RGM_0307607,N011_C0000475,11
RGM_0307611,N011_C0000475,11
RGM_0307652,N011_C0000476,11
RGM_0307813,N011_C0000477,11
RGM_0307814,N011_C0000477,11
RGM_0307850,N011_C0000478,11
RGM_0307849,N011_C0000478,11
RGM_0307852,N011_C0000478,11
RGM_0307854,N011_C0000478,11
RGM_0307856,N011_C0000478,11
RGM_0307888,N011_C0000479,11
RGM_0307890,N011_C0000479,11
RGM_0307893,N011_C0000479,11
RGM_0307895,N011_C0000479,11
RGM_0307896,N011_C0000479,11
RGM_0307901,N011_C0000479,11
RGM_0307903,N011_C0000479,11
RGM_0307904,N011_C0000479,11
RGM_0308001,N011_C0000480,11
RGM_0308003,N011_C0000480,11
RGM_0308995,N011_C0000481,11
RGM_0309190,N011_C0000482,11
RGM_0309448,N011_C0000483,11
RGM_0309702,N011_C0000484,11
RGM_0309818,N011_C0000485,11
RGM_0309909,N011_C0000486,11
RGM_0309910,N011_C0000487,11
RGM_0309911,N011_C0000487,11
RGM_0310005,N011_C0000488,11
RGM_0310165,N011_C0000489,11
RGM_0310846,N011_C0000490,11
RGM_0310841,N011_C0000490,11
RGM_0310843,N011_C0000490,11
RGM_0310982,N011_C0000491,11
RGM_0311044,N011_C0000492,11
RGM_0311126,N011_C0000493,11
RGM_0311166,N011_C0000494,11
RGM_0311175,N011_C0000495,11
RGM_0311171,N011_C0000495,11
RGM_0311173,N011_C0000495,11
RGM_0311251,N011_C0000496,11
RGM_0311324,N011_C0000497,11
RGM_0311691,N011_C0000498,11
RGM_0311709,N011_C0000499,11
RGM_0311742,N011_C0000500,11
RGM_0312037,N011_C0000501,11
RGM_0312282,N011_C0000502,11
RGM_0312281,N011_C0000502,11
RGM_0312347,N011_C0000503,11
RGM_0312536,N011_C0000504,11
RGM_0312612,N011_C0000505,11
RGM_0312635,N011_C0000506,11
RGM_0312680,N011_C0000507,11
RGM_0312692,N011_C0000508,11
RGM_0312777,N011_C0000509,11
RGM_0312981,N011_C0000510,11
RGM_0313121,N011_C0000511,11
RGM_0313229,N011_C0000512,11
RGM_0313396,N011_C0000513,11
RGM_0313558,N011_C0000514,11
RGM_0313575,N011_C0000515,11
RGM_0313572,N011_C0000515,11
RGM_0313820,N011_C0000516,11
RGM_0313821,N011_C0000516,11
RGM_0314233,N011_C0000517,11
RGM_0314342,N011_C0000518,11
RGM_0314351,N011_C0000519,11
RGM_0314353,N011_C0000520,11
RGM_0314373,N011_C0000521,11
RGM_0314491,N011_C0000522,11
RGM_0314566,N011_C0000523,11
RGM_0314932,N011_C0000524,11
RGM_0315228,N011_C0000525,11
RGM_0315575,N011_C0000526,11
RGM_0315639,N011_C0000527,11
RGM_0315641,N011_C0000527,11
RGM_0315714,N011_C0000528,11
RGM_0315844,N011_C0000529,11
RGM_0315845,N011_C0000529,11
RGM_0315848,N011_C0000529,11
RGM_0315850,N011_C0000529,11
RGM_0315853,N011_C0000529,11
RGM_0315898,N011_C0000530,11
RGM_0315900,N011_C0000530,11
RGM_0315984,N011_C0000531,11
RGM_0316133,N011_C0000532,11
RGM_0316209,N011_C0000533,11
RGM_0316223,N011_C0000534,11
RGM_0316418,N011_C0000535,11
RGM_0316419,N011_C0000535,11
RGM_0316465,N011_C0000536,11
RGM_0316483,N011_C0000537,11
RGM_0316506,N011_C0000538,11
RGM_0316531,N011_C0000539,11
RGM_0316577,N011_C0000540,11
RGM_0316598,N011_C0000541,11
RGM_0316627,N011_C0000542,11
RGM_0316783,N011_C0000543,11
RGM_0317074,N011_C0000544,11
RGM_0317093,N011_C0000545,11
RGM_0317126,N011_C0000546,11
RGM_0317137,N011_C0000547,11
RGM_0317141,N011_C0000548,11
RGM_0317142,N011_C0000548,11
RGM_0317185,N011_C0000549,11
RGM_0317211,N011_C0000550,11
RGM_0317252,N011_C0000551,11
RGM_0317268,N011_C0000552,11
RGM_0317364,N011_C0000553,11
RGM_0317404,N011_C0000554,11
RGM_0317616,N011_C0000555,11
RGM_0317617,N011_C0000555,11
RGM_0317620,N011_C0000555,11
RGM_0317745,N011_C0000556,11
RGM_0317744,N011_C0000556,11
RGM_0317743,N011_C0000556,11
RGM_0317749,N011_C0000556,11
RGM_0317747,N011_C0000556,11
RGM_0317750,N011_C0000556,11
RGM_0317781,N011_C0000557,11
RGM_0317784,N011_C0000557,11
RGM_0317917,N011_C0000558,11
RGM_0317918,N011_C0000558,11
RGM_0317919,N011_C0000558,11
RGM_0317956,N011_C0000559,11
RGM_0318102,N011_C0000560,11
RGM_0318706,N011_C0000561,11
RGM_0318710,N011_C0000561,11
RGM_0318708,N011_C0000561,11
RGM_0318751,N011_C0000562,11
RGM_0318754,N011_C0000562,11
RGM_0318756,N011_C0000563,11
RGM_0318811,N011_C0000564,11
RGM_0318812,N011_C0000564,11
RGM_0318817,N011_C0000565,11
RGM_0318821,N011_C0000565,11
RGM_0318857,N011_C0000566,11
RGM_0318856,N011_C0000566,11
RGM_0318860,N011_C0000567,11
RGM_0318882,N011_C0000568,11
RGM_0319022,N011_C0000569,11
RGM_0319024,N011_C0000569,11
RGM_0319023,N011_C0000569,11
RGM_0319060,N011_C0000570,11
RGM_0319062,N011_C0000571,11
RGM_0319093,N011_C0000572,11
RGM_0319091,N011_C0000572,11
RGM_0319128,N011_C0000573,11
RGM_0319168,N011_C0000574,11
RGM_0319169,N011_C0000574,11
RGM_0319195,N011_C0000575,11
RGM_0319483,N011_C0000576,11
RGM_0319482,N011_C0000576,11
RGM_0319481,N011_C0000576,11
RGM_0319535,N011_C0000577,11
RGM_0319533,N011_C0000577,11
RGM_0319534,N011_C0000577,11
RGM_0319643,N011_C0000578,11
RGM_0319849,N011_C0000579,11
RGM_0319852,N011_C0000579,11
RGM_0319853,N011_C0000579,11
RGM_0319922,N011_C0000580,11
RGM_0319921,N011_C0000580,11
RGM_0319995,N011_C0000581,11
RGM_0319998,N011_C0000581,11
RGM_0319996,N011_C0000581,11
RGM_0319999,N011_C0000581,11
RGM_0320003,N011_C0000582,11
RGM_0320079,N011_C0000583,11
RGM_0320078,N011_C0000583,11
RGM_0320081,N011_C0000583,11
RGM_0320085,N011_C0000584,11
RGM_0320264,N011_C0000585,11
RGM_0320267,N011_C0000585,11
RGM_0320479,N011_C0000586,11
RGM_0320480,N011_C0000586,11
RGM_0320482,N011_C0000586,11
RGM_0320484,N011_C0000586,11
RGM_0320483,N011_C0000586,11
RGM_0320690,N011_C0000587,11
RGM_0320687,N011_C0000587,11
RGM_0320688,N011_C0000587,11
RGM_0320746,N011_C0000588,11
RGM_0320749,N011_C0000588,11
RGM_0320745,N011_C0000588,11
RGM_0320750,N011_C0000588,11
RGM_0320864,N011_C0000589,11
RGM_0320897,N011_C0000590,11
RGM_0320935,N011_C0000591,11
RGM_0320937,N011_C0000591,11
RGM_0320939,N011_C0000591,11
RGM_0323109,N011_C0000592,11
RGM_0323562,N011_C0000593,11
RGM_0323711,N011_C0000594,11
RGM_0323750,N011_C0000595,11
RGM_0323865,N011_C0000596,11
RGM_0323885,N011_C0000597,11
RGM_0323937,N011_C0000598,11
RGM_0323998,N011_C0000599,11
RGM_0324034,N011_C0000600,11
RGM_0324066,N011_C0000601,11
RGM_0324072,N011_C0000602,11
RGM_0324088,N011_C0000603,11
RGM_0324219,N011_C0000604,11
RGM_0324575,N011_C0000605,11
RGM_0324696,N011_C0000606,11
RGM_0324708,N011_C0000607,11
RGM_0325005,N011_C0000608,11
RGM_0325023,N011_C0000609,11
RGM_0325053,N011_C0000610,11
RGM_0325149,N011_C0000611,11
RGM_0325333,N011_C0000612,11
RGM_0325461,N011_C0000613,11
RGM_0325503,N011_C0000614,11
RGM_0325626,N011_C0000615,11
RGM_0325651,N011_C0000616,11
RGM_0325704,N011_C0000617,11
RGM_0325788,N011_C0000618,11
RGM_0325855,N011_C0000619,11
RGM_0325932,N011_C0000620,11
RGM_0325961,N011_C0000621,11
RGM_0326004,N011_C0000622,11
RGM_0326212,N011_C0000623,11
RGM_0326222,N011_C0000624,11
RGM_0326368,N011_C0000625,11
RGM_0326381,N011_C0000626,11
RGM_0326635,N011_C0000627,11
RGM_0326690,N011_C0000628,11
RGM_0326691,N011_C0000628,11
RGM_0326854,N011_C0000629,11
RGM_0326978,N011_C0000630,11
RGM_0327298,N011_C0000631,11
RGM_0327346,N011_C0000632,11
RGM_0327347,N011_C0000632,11
RGM_0327455,N011_C0000633,11
RGM_0327456,N011_C0000633,11
RGM_0327526,N011_C0000634,11
RGM_0327538,N011_C0000635,11
RGM_0327554,N011_C0000636,11
RGM_0327695,N011_C0000637,11
RGM_0327758,N011_C0000638,11
RGM_0327816,N011_C0000639,11
RGM_0327834,N011_C0000640,11
RGM_0328089,N011_C0000641,11
RGM_0328284,N011_C0000642,11
RGM_0328282,N011_C0000642,11
RGM_0328384,N011_C0000643,11
RGM_0328488,N011_C0000644,11
RGM_0328517,N011_C0000645,11
RGM_0328635,N011_C0000646,11
RGM_0328724,N011_C0000647,11
RGM_0328738,N011_C0000648,11
RGM_0328752,N011_C0000649,11
RGM_0328886,N011_C0000650,11
RGM_0329048,N011_C0000651,11
RGM_0329095,N011_C0000652,11
RGM_0329131,N011_C0000653,11
RGM_0329154,N011_C0000654,11
RGM_0329192,N011_C0000655,11
RGM_0329216,N011_C0000656,11
RGM_0329274,N011_C0000657,11
RGM_0329357,N011_C0000658,11
RGM_0329407,N011_C0000659,11
RGM_0329646,N011_C0000660,11
RGM_0329792,N011_C0000661,11
RGM_0329797,N011_C0000662,11
RGM_0329799,N011_C0000662,11
RGM_0329801,N011_C0000662,11
RGM_0329819,N011_C0000663,11
RGM_0329840,N011_C0000664,11
RGM_0329886,N011_C0000665,11
RGM_0330016,N011_C0000666,11
RGM_0330020,N011_C0000667,11
RGM_0330055,N011_C0000668,11
RGM_0330100,N011_C0000669,11
RGM_0330159,N011_C0000670,11
RGM_0330177,N011_C0000671,11
RGM_0330275,N011_C0000672,11
RGM_0330274,N011_C0000672,11
RGM_0330649,N011_C0000673,11
RGM_0331018,N011_C0000674,11
RGM_0331021,N011_C0000674,11
RGM_0331054,N011_C0000675,11
RGM_0331089,N011_C0000676,11
RGM_0331083,N011_C0000676,11
RGM_0331085,N011_C0000676,11
RGM_0331086,N011_C0000676,11
RGM_0331090,N011_C0000676,11
RGM_0331091,N011_C0000676,11
RGM_0331127,N011_C0000677,11
RGM_0331321,N011_C0000678,11
RGM_0332367,N011_C0000679,11
RGM_0332384,N011_C0000680,11
RGM_0332447,N011_C0000681,11
RGM_0332467,N011_C0000682,11
RGM_0332498,N011_C0000683,11
RGM_0332496,N011_C0000683,11
RGM_0332499,N011_C0000683,11
RGM_0332898,N011_C0000684,11
RGM_0332909,N011_C0000685,11
RGM_0332929,N011_C0000686,11
RGM_0332975,N011_C0000687,11
RGM_0333136,N011_C0000688,11
RGM_0333316,N011_C0000689,11
RGM_0333399,N011_C0000690,11
RGM_0333518,N011_C0000691,11
RGM_0333644,N011_C0000692,11
RGM_0333668,N011_C0000693,11
RGM_0333675,N011_C0000694,11
RGM_0333694,N011_C0000695,11
RGM_0333714,N011_C0000696,11
RGM_0333739,N011_C0000697,11
RGM_0333784,N011_C0000698,11
RGM_0333834,N011_C0000699,11
RGM_0333877,N011_C0000700,11
RGM_0333910,N011_C0000701,11
RGM_0333954,N011_C0000702,11
RGM_0333955,N011_C0000702,11
RGM_0333971,N011_C0000703,11
RGM_0334174,N011_C0000704,11
RGM_0334203,N011_C0000705,11
RGM_0334593,N011_C0000706,11
RGM_0334611,N011_C0000707,11
RGM_0335355,N011_C0000708,11
RGM_0335379,N011_C0000709,11
RGM_0335614,N011_C0000710,11
RGM_0336597,N011_C0000711,11
RGM_0337002,N011_C0000712,11
RGM_0337095,N011_C0000713,11
RGM_0337236,N011_C0000714,11
RGM_0337522,N011_C0000715,11
RGM_0337685,N011_C0000716,11
RGM_0337714,N011_C0000717,11
RGM_0338583,N011_C0000718,11
RGM_0338589,N011_C0000718,11
RGM_0338724,N011_C0000719,11
RGM_0338728,N011_C0000720,11
RGM_0338838,N011_C0000721,11
RGM_0338977,N011_C0000722,11
RGM_0339036,N011_C0000723,11
RGM_0339035,N011_C0000723,11
RGM_0339561,N011_C0000724,11
RGM_0339612,N011_C0000725,11
RGM_0339614,N011_C0000725,11
RGM_0339749,N011_C0000726,11
RGM_0339769,N011_C0000727,11
RGM_0339903,N011_C0000728,11
RGM_0339904,N011_C0000728,11
RGM_0340024,N011_C0000729,11
RGM_0340286,N011_C0000730,11
RGM_0340287,N011_C0000730,11
RGM_0340833,N011_C0000731,11
RGM_0340854,N011_C0000732,11
RGM_0340926,N011_C0000733,11
RGM_0340970,N011_C0000734,11
RGM_0341275,N011_C0000735,11
RGM_0341410,N011_C0000736,11
RGM_0341462,N011_C0000737,11
RGM_0341464,N011_C0000737,11
RGM_0341489,N011_C0000738,11
RGM_0341505,N011_C0000739,11
RGM_0341590,N011_C0000740,11
RGM_0341953,N011_C0000741,11
RGM_0342312,N011_C0000742,11
RGM_0342333,N011_C0000743,11
RGM_0342662,N011_C0000744,11
RGM_0342711,N011_C0000745,11
RGM_0342716,N011_C0000746,11
RGM_0342728,N011_C0000747,11
RGM_0342921,N011_C0000748,11
RGM_0343063,N011_C0000749,11
RGM_0343109,N011_C0000750,11
RGM_0343138,N011_C0000751,11
RGM_0343158,N011_C0000752,11
RGM_0343192,N011_C0000753,11
RGM_0343208,N011_C0000754,11
RGM_0343392,N011_C0000755,11
RGM_0343565,N011_C0000756,11
RGM_0343666,N011_C0000757,11
RGM_0343740,N011_C0000758,11
RGM_0344703,N011_C0000759,11
RGM_0344759,N011_C0000760,11
RGM_0345696,N011_C0000761,11
RGM_0347961,N011_C0000762,11
RGM_0348427,N011_C0000763,11
RGM_0348513,N011_C0000764,11
RGM_0348758,N011_C0000765,11
RGM_0348783,N011_C0000766,11
RGM_0350133,N011_C0000767,11
RGM_0350568,N011_C0000768,11
RGM_0350715,N011_C0000769,11
RGM_0350736,N011_C0000770,11
RGM_0351077,N011_C0000771,11
RGM_0351110,N011_C0000772,11
RGM_0351411,N011_C0000773,11
RGM_0351675,N011_C0000774,11
RGM_0351705,N011_C0000775,11
RGM_0351906,N011_C0000776,11
RGM_0352917,N011_C0000777,11
RGM_0353204,N011_C0000778,11
RGM_0353218,N011_C0000779,11
RGM_0353673,N011_C0000780,11
RGM_0353991,N011_C0000781,11
RGM_0354534,N011_C0000782,11
RGM_0354673,N011_C0000783,11
RGM_0354963,N011_C0000784,11
RGM_0355665,N011_C0000785,11
RGM_0355821,N011_C0000786,11
RGM_0355841,N011_C0000787,11
RGM_0356061,N011_C0000788,11
RGM_0356210,N011_C0000789,11
RGM_0356433,N011_C0000790,11
RGM_0356434,N011_C0000790,11
RGM_0356438,N011_C0000791,11
RGM_0356983,N011_C0000792,11
RGM_0357020,N011_C0000793,11
RGM_0357375,N011_C0000794,11
RGM_0357376,N011_C0000794,11
RGM_0358252,N011_C0000795,11
RGM_0358738,N011_C0000796,11
RGM_0359111,N011_C0000797,11
RGM_0359202,N011_C0000798,11
RGM_0359215,N011_C0000799,11
RGM_0359216,N011_C0000799,11
RGM_0359790,N011_C0000800,11
RGM_0359808,N011_C0000801,11
RGM_0359867,N011_C0000802,11
RGM_0359888,N011_C0000803,11
RGM_0359889,N011_C0000803,11
RGM_0359958,N011_C0000804,11
RGM_0360051,N011_C0000805,11
RGM_0360419,N011_C0000806,11
RGM_0360437,N011_C0000807,11
RGM_0360682,N011_C0000808,11
RGM_0360723,N011_C0000809,11
RGM_0360857,N011_C0000810,11
RGM_0360862,N011_C0000811,11
RGM_0360940,N011_C0000812,11
RGM_0361577,N011_C0000813,11
RGM_0361648,N011_C0000814,11
RGM_0361936,N011_C0000815,11
RGM_0361980,N011_C0000816,11
RGM_0361979,N011_C0000816,11
RGM_0362017,N011_C0000817,11
RGM_0362033,N011_C0000818,11
RGM_0362085,N011_C0000819,11
RGM_0362224,N011_C0000820,11
RGM_0362255,N011_C0000821,11
RGM_0362274,N011_C0000822,11
RGM_0363250,N011_C0000823,11
RGM_0363320,N011_C0000824,11
RGM_0363467,N011_C0000825,11
RGM_0363543,N011_C0000826,11
RGM_0363746,N011_C0000827,11
RGM_0363915,N011_C0000828,11
RGM_0364017,N011_C0000829,11
RGM_0364325,N011_C0000830,11
RGM_0364340,N011_C0000831,11
RGM_0364496,N011_C0000832,11
RGM_0364580,N011_C0000833,11
RGM_0364651,N011_C0000834,11
RGM_0364713,N011_C0000835,11
RGM_0364987,N011_C0000836,11
RGM_0365008,N011_C0000837,11
RGM_0365303,N011_C0000838,11
RGM_0365319,N011_C0000839,11
RGM_0365806,N011_C0000840,11
RGM_0365824,N011_C0000841,11
RGM_0365847,N011_C0000842,11
RGM_0365878,N011_C0000843,11
RGM_0365893,N011_C0000844,11
RGM_0365925,N011_C0000845,11
RGM_0366382,N011_C0000846,11
RGM_0366574,N011_C0000847,11
RGM_0366621,N011_C0000848,11
RGM_0367254,N011_C0000849,11
RGM_0370074,N011_C0000850,11
RGM_0370712,N011_C0000851,11
RGM_0371074,N011_C0000852,11
RGM_0371143,N011_C0000853,11
RGM_0371236,N011_C0000854,11
RGM_0371272,N011_C0000855,11
RGM_0371754,N011_C0000856,11
RGM_0372695,N011_C0000857,11
RGM_0374907,N011_C0000858,11
RGM_0376692,N011_C0000859,11
RGM_0378975,N011_C0000860,11
RGM_0380623,N011_C0000861,11
RGM_0380683,N011_C0000862,11
RGM_0381644,N011_C0000863,11
RGM_0381648,N011_C0000864,11
RGM_0141102,N012_C0000865,12
RGM_0141095,N012_C0000865,12
RGM_0141106,N012_C0000865,12
RGM_0141109,N012_C0000865,12
RGM_0155544,N012_C0000866,12
RGM_0156375,N012_C0000867,12
RGM_0156433,N012_C0000868,12
RGM_0157950,N012_C0000869,12
RGM_0159748,N012_C0000870,12
RGM_0375814,N012_C0000871,12
RGM_0377721,N012_C0000872,12
RGM_0141090,N014_C0000873,14
RGM_0040301,N016_C0000874,16
RGM_0141093,N017_C0000875,17
RGM_0141107,N017_C0000876,17
RGM_0149123,N017_C0000877,17
RGM_0150153,N017_C0000878,17
RGM_0152254,N017_C0000879,17
RGM_0152258,N017_C0000879,17
RGM_0152322,N017_C0000880,17
RGM_0152567,N017_C0000881,17
RGM_0152665,N017_C0000882,17
RGM_0152726,N017_C0000883,17
RGM_0152804,N017_C0000884,17
RGM_0152807,N017_C0000884,17
RGM_0153065,N017_C0000885,17
RGM_0153249,N017_C0000886,17
RGM_0153254,N017_C0000886,17
RGM_0154394,N017_C0000887,17
RGM_0164942,N017_C0000888,17
RGM_0165031,N017_C0000889,17
RGM_0176328,N017_C0000890,17
RGM_0179038,N017_C0000891,17
RGM_0180889,N017_C0000892,17
RGM_0181938,N017_C0000893,17
RGM_0209665,N017_C0000894,17
RGM_0217861,N017_C0000895,17
RGM_0228601,N017_C0000896,17
RGM_0234218,N017_C0000897,17
RGM_0247808,N017_C0000898,17
RGM_0257033,N017_C0000899,17
RGM_0262174,N017_C0000900,17
RGM_0268007,N017_C0000901,17
RGM_0269849,N017_C0000902,17
RGM_0269914,N017_C0000903,17
RGM_0270650,N017_C0000904,17
RGM_0273898,N017_C0000905,17
RGM_0276437,N017_C0000906,17
RGM_0295709,N017_C0000907,17
RGM_0299185,N017_C0000908,17
RGM_0335654,N017_C0000909,17
RGM_0336520,N017_C0000910,17
RGM_0338146,N017_C0000911,17
RGM_0338616,N017_C0000912,17
RGM_0338698,N017_C0000913,17
RGM_0338727,N017_C0000914,17
RGM_0339049,N017_C0000915,17
RGM_0339560,N017_C0000916,17
RGM_0339613,N017_C0000917,17
RGM_0339748,N017_C0000918,17
RGM_0339767,N017_C0000919,17
RGM_0339773,N017_C0000919,17
RGM_0339901,N017_C0000920,17
RGM_0339905,N017_C0000920,17
RGM_0340051,N017_C0000921,17
RGM_0340069,N017_C0000922,17
RGM_0141105,N018_C0000923,18
RGM_0141111,N018_C0000924,18
RGM_0141380,N018_C0000925,18
RGM_0141521,N018_C0000926,18
RGM_0149126,N018_C0000927,18
RGM_0149379,N018_C0000928,18
RGM_0150159,N018_C0000929,18
RGM_0151106,N018_C0000930,18
RGM_0151528,N018_C0000931,18
RGM_0152564,N018_C0000932,18
RGM_0153256,N018_C0000933,18
RGM_0153623,N018_C0000934,18
RGM_0154023,N018_C0000935,18
RGM_0154129,N018_C0000936,18
RGM_0154136,N018_C0000937,18
RGM_0154162,N018_C0000938,18
RGM_0154385,N018_C0000939,18
RGM_0154391,N018_C0000939,18
RGM_0154447,N018_C0000940,18
RGM_0154538,N018_C0000941,18
RGM_0154692,N018_C0000942,18
RGM_0154790,N018_C0000943,18
RGM_0163269,N018_C0000944,18
RGM_0163589,N018_C0000945,18
RGM_0171261,N018_C0000946,18
RGM_0181496,N018_C0000947,18
RGM_0244091,N018_C0000948,18
RGM_0244130,N018_C0000949,18
RGM_0245804,N018_C0000950,18
RGM_0246193,N018_C0000951,18
RGM_0256297,N018_C0000952,18
RGM_0257019,N018_C0000953,18
RGM_0257028,N018_C0000953,18
RGM_0260472,N018_C0000954,18
RGM_0261292,N018_C0000955,18
RGM_0261646,N018_C0000956,18
RGM_0269840,N018_C0000957,18
RGM_0269848,N018_C0000957,18
RGM_0269916,N018_C0000958,18
RGM_0270317,N018_C0000959,18
RGM_0271098,N018_C0000960,18
RGM_0273300,N018_C0000961,18
RGM_0273407,N018_C0000962,18
RGM_0295040,N018_C0000963,18
RGM_0295187,N018_C0000964,18
RGM_0296012,N018_C0000965,18
RGM_0296168,N018_C0000966,18
RGM_0296322,N018_C0000967,18
RGM_0296395,N018_C0000968,18
RGM_0297586,N018_C0000969,18
RGM_0298245,N018_C0000970,18
RGM_0298892,N018_C0000971,18
RGM_0336482,N018_C0000972,18
RGM_0336614,N018_C0000973,18
RGM_0339750,N018_C0000974,18
RGM_0339815,N018_C0000975,18
RGM_0340172,N018_C0000976,18
RGM_0141101,N019_C0000977,19
RGM_0145855,N019_C0000978,19
RGM_0146625,N019_C0000979,19
RGM_0148611,N019_C0000980,19
RGM_0148709,N019_C0000981,19
RGM_0148835,N019_C0000982,19
RGM_0148879,N019_C0000983,19
RGM_0149066,N019_C0000984,19
RGM_0149067,N019_C0000984,19
RGM_0149114,N019_C0000985,19
RGM_0149118,N019_C0000985,19
RGM_0149234,N019_C0000986,19
RGM_0149732,N019_C0000987,19
RGM_0150100,N019_C0000988,19
RGM_0150837,N019_C0000989,19
RGM_0150842,N019_C0000989,19
RGM_0150843,N019_C0000989,19
RGM_0154791,N019_C0000990,19
RGM_0155975,N019_C0000991,19
RGM_0157730,N019_C0000992,19
RGM_0167345,N019_C0000993,19
RGM_0167367,N019_C0000994,19
RGM_0167554,N019_C0000995,19
RGM_0168606,N019_C0000996,19
RGM_0168609,N019_C0000996,19
RGM_0219153,N019_C0000997,19
RGM_0256289,N019_C0000998,19
RGM_0256369,N019_C0000999,19
RGM_0256635,N019_C0001000,19
RGM_0258091,N019_C0001001,19
RGM_0260470,N019_C0001002,19
RGM_0261523,N019_C0001003,19
RGM_0269027,N019_C0001004,19
RGM_0269745,N019_C0001005,19
RGM_0269850,N019_C0001006,19
RGM_0273207,N019_C0001007,19
RGM_0273281,N019_C0001008,19
RGM_0273383,N019_C0001009,19
RGM_0276436,N019_C0001010,19
RGM_0295552,N019_C0001011,19
RGM_0366731,N019_C0001012,19
RGM_0148656,N020_C0001013,20
RGM_0148655,N020_C0001013,20
RGM_0149112,N020_C0001014,20
RGM_0149122,N020_C0001015,20
RGM_0218148,N020_C0001016,20
RGM_0255221,N020_C0001017,20
RGM_0255337,N020_C0001018,20
RGM_0256223,N020_C0001019,20
RGM_0256294,N020_C0001020,20
RGM_0256296,N020_C0001020,20
RGM_0256299,N020_C0001020,20
RGM_0256637,N020_C0001021,20
RGM_0257036,N020_C0001022,20
RGM_0257023,N020_C0001022,20
RGM_0257830,N020_C0001023,20
RGM_0257832,N020_C0001023,20
RGM_0258025,N020_C0001024,20
RGM_0258027,N020_C0001024,20
RGM_0258033,N020_C0001024,20
RGM_0258035,N020_C0001024,20
RGM_0258087,N020_C0001025,20
RGM_0258089,N020_C0001025,20
RGM_0258178,N020_C0001026,20
RGM_0258180,N020_C0001027,20
RGM_0258373,N020_C0001028,20
RGM_0258457,N020_C0001029,20
RGM_0258462,N020_C0001030,20
RGM_0259445,N020_C0001031,20
RGM_0259443,N020_C0001031,20
RGM_0260315,N020_C0001032,20
RGM_0273755,N020_C0001033,20
RGM_0279203,N020_C0001034,20
RGM_0332908,N020_C0001035,20
RGM_0333321,N020_C0001036,20
RGM_0333485,N020_C0001037,20
RGM_0333508,N020_C0001038,20
RGM_0333533,N020_C0001039,20
RGM_0333594,N020_C0001040,20
RGM_0333765,N020_C0001041,20
RGM_0333813,N020_C0001042,20
RGM_0334949,N020_C0001043,20
RGM_0219088,N021_C0001044,21
RGM_0256290,N021_C0001045,21
RGM_0257026,N021_C0001046,21
RGM_0257037,N021_C0001046,21
RGM_0258030,N021_C0001047,21
RGM_0258182,N021_C0001048,21
RGM_0259440,N021_C0001049,21
RGM_0162228,N022_C0001050,22
RGM_0168668,N022_C0001051,22
RGM_0169326,N022_C0001052,22
RGM_0178217,N022_C0001053,22
RGM_0178219,N022_C0001053,22
RGM_0183608,N022_C0001054,22
RGM_0184431,N022_C0001055,22
RGM_0186039,N022_C0001056,22
RGM_0210821,N022_C0001057,22
RGM_0235149,N022_C0001058,22
RGM_0256636,N022_C0001059,22
RGM_0262596,N022_C0001060,22
RGM_0264041,N022_C0001061,22
RGM_0264299,N022_C0001062,22
RGM_0265002,N022_C0001063,22
RGM_0265003,N022_C0001063,22
RGM_0265004,N022_C0001063,22
RGM_0265008,N022_C0001063,22
RGM_0272901,N022_C0001064,22
RGM_0273583,N022_C0001065,22
RGM_0287391,N022_C0001066,22
RGM_0333101,N022_C0001067,22
RGM_0333099,N022_C0001067,22
RGM_0341330,N022_C0001068,22
RGM_0039461,N023_C0001069,23
RGM_0144993,N023_C0001070,23
RGM_0194059,N023_C0001071,23
RGM_0216347,N023_C0001072,23
RGM_0269198,N023_C0001073,23
RGM_0269323,N023_C0001074,23
RGM_0269374,N023_C0001075,23
RGM_0310255,N023_C0001076,23
RGM_0317753,N023_C0001077,23
RGM_0320787,N023_C0001078,23
RGM_0325627,N023_C0001079,23
RGM_0181385,N028_C0001080,28
RGM_0214248,N028_C0001081,28
RGM_0139813,N030_C0001082,30
RGM_0174055,N030_C0001083,30
RGM_0175411,N030_C0001084,30
RGM_0191729,N030_C0001085,30
RGM_0171487,N031_C0001086,31
RGM_0205058,N031_C0001087,31
RGM_0205712,N031_C0001088,31
RGM_0194984,N032_C0001089,32
RGM_0200823,N032_C0001090,32
RGM_0204281,N032_C0001091,32
RGM_0389375,N032_C0001092,32
RGM_0200049,N033_C0001093,33
RGM_0204282,N033_C0001094,33
RGM_0388703,N033_C0001095,33
RGM_0388705,N033_C0001095,33
RGM_0389261,N033_C0001096,33
RGM_0389373,N033_C0001097,33
RGM_0389381,N033_C0001098,33
RGM_0389382,N033_C0001098,33
RGM_0389391,N033_C0001098,33
RGM_0160614,N034_C0001099,34
RGM_0160632,N034_C0001099,34
RGM_0160634,N034_C0001099,34
RGM_0160627,N034_C0001099,34
RGM_0185438,N034_C0001100,34
RGM_0310115,N034_C0001101,34
RGM_0310170,N034_C0001102,34
RGM_0314911,N034_C0001103,34
RGM_0316581,N034_C0001104,34
RGM_0323792,N034_C0001105,34
RGM_0325315,N034_C0001106,34
RGM_0327313,N034_C0001107,34
RGM_0328373,N034_C0001108,34
RGM_0334229,N034_C0001109,34
RGM_0335984,N034_C0001110,34
RGM_0338580,N034_C0001111,34
RGM_0339157,N034_C0001112,34
RGM_0367817,N034_C0001113,34
RGM_0389386,N034_C0001114,34
RGM_0339167,N035_C0001115,35
RGM_0339218,N036_C0001116,36
RGM_0343904,N036_C0001117,36
RGM_0362515,N036_C0001118,36
RGM_0378807,N036_C0001119,36
RGM_0309670,N037_C0001120,37
RGM_0339208,N037_C0001121,37
RGM_0311017,N039_C0001122,39
RGM_0185779,N040_C0001123,40
RGM_0186033,N040_C0001124,40
RGM_0186875,N040_C0001125,40
RGM_0188052,N040_C0001126,40
RGM_0188483,N040_C0001127,40
RGM_0188814,N040_C0001128,40
RGM_0189085,N040_C0001129,40
RGM_0189314,N040_C0001130,40
RGM_0190108,N040_C0001131,40
RGM_0193349,N040_C0001132,40
RGM_0193562,N040_C0001133,40
RGM_0196976,N040_C0001134,40
RGM_0197541,N040_C0001135,40
RGM_0197721,N040_C0001136,40
RGM_0198152,N040_C0001137,40
RGM_0198634,N040_C0001138,40
RGM_0199294,N040_C0001139,40
RGM_0201501,N040_C0001140,40
RGM_0202594,N040_C0001141,40
RGM_0202598,N040_C0001142,40
RGM_0202597,N040_C0001142,40
RGM_0202601,N040_C0001143,40
RGM_0202634,N040_C0001144,40
RGM_0203316,N040_C0001145,40
RGM_0203318,N040_C0001145,40
RGM_0203965,N040_C0001146,40
RGM_0206233,N040_C0001147,40
RGM_0206246,N040_C0001148,40
RGM_0206275,N040_C0001149,40
RGM_0206623,N040_C0001150,40
RGM_0206625,N040_C0001150,40
RGM_0206628,N040_C0001150,40
RGM_0207027,N040_C0001151,40
RGM_0207315,N040_C0001152,40
RGM_0208525,N040_C0001153,40
RGM_0208613,N040_C0001154,40
RGM_0228547,N040_C0001155,40
RGM_0232451,N040_C0001156,40
RGM_0235469,N040_C0001157,40
RGM_0236163,N040_C0001158,40
RGM_0236179,N040_C0001159,40
RGM_0244302,N040_C0001160,40
RGM_0247657,N040_C0001161,40
RGM_0249792,N040_C0001162,40
RGM_0251391,N040_C0001163,40
RGM_0284033,N040_C0001164,40
RGM_0285359,N040_C0001165,40
RGM_0285391,N040_C0001166,40
RGM_0339123,N040_C0001167,40
RGM_0339139,N040_C0001167,40
RGM_0339133,N040_C0001167,40
RGM_0339150,N040_C0001167,40
RGM_0339151,N040_C0001167,40
RGM_0339153,N040_C0001167,40
RGM_0339154,N040_C0001167,40
RGM_0339127,N040_C0001167,40
RGM_0339148,N040_C0001167,40
RGM_0339129,N040_C0001167,40
RGM_0339135,N040_C0001167,40
RGM_0339134,N040_C0001167,40
RGM_0339143,N040_C0001167,40
RGM_0339161,N040_C0001167,40
RGM_0339162,N040_C0001167,40
RGM_0339168,N040_C0001167,40
RGM_0339170,N040_C0001167,40
RGM_0339174,N040_C0001167,40
RGM_0339219,N040_C0001167,40
RGM_0388693,N040_C0001168,40
RGM_0389240,N040_C0001169,40
RGM_0389372,N040_C0001170,40
RGM_0209536,N042_C0001171,42
RGM_0209761,N042_C0001172,42
RGM_0339125,N042_C0001173,42
RGM_0339177,N042_C0001174,42
RGM_0339131,N043_C0001175,43
RGM_0338936,N044_C0001176,44
RGM_0338935,N044_C0001176,44
RGM_0339152,N044_C0001177,44
RGM_0338911,N045_C0001178,45
RGM_0338938,N045_C0001178,45
RGM_0338941,N045_C0001178,45
RGM_0338888,N046_C0001179,46
RGM_0338898,N046_C0001180,46
RGM_0338907,N046_C0001180,46
RGM_0338908,N046_C0001180,46
RGM_0338909,N046_C0001180,46
RGM_0338910,N046_C0001180,46
RGM_0338913,N046_C0001180,46
RGM_0338914,N046_C0001180,46
RGM_0338915,N046_C0001180,46
RGM_0338917,N046_C0001180,46
RGM_0338919,N046_C0001180,46
RGM_0338920,N046_C0001180,46
RGM_0338916,N046_C0001180,46
RGM_0338937,N046_C0001180,46
RGM_0338925,N046_C0001180,46
RGM_0338931,N046_C0001180,46
RGM_0338929,N046_C0001180,46
RGM_0338968,N046_C0001180,46
RGM_0338975,N046_C0001180,46
RGM_0338978,N046_C0001180,46
RGM_0338980,N046_C0001180,46
RGM_0338960,N046_C0001180,46
RGM_0338961,N046_C0001180,46
RGM_0338963,N046_C0001180,46
RGM_0338972,N046_C0001180,46
RGM_0338983,N046_C0001180,46
RGM_0338987,N046_C0001180,46
RGM_0339014,N046_C0001181,46
RGM_0339052,N046_C0001182,46
RGM_0339043,N046_C0001182,46
RGM_0339047,N046_C0001182,46
RGM_0339054,N046_C0001182,46
RGM_0339053,N046_C0001182,46
RGM_0339117,N046_C0001183,46
RGM_0339120,N046_C0001184,46
RGM_0339155,N046_C0001185,46
RGM_0339156,N046_C0001185,46
RGM_0339228,N046_C0001185,46
RGM_0339230,N046_C0001185,46
RGM_0339232,N046_C0001185,46
RGM_0339235,N046_C0001185,46
RGM_0339241,N046_C0001185,46
RGM_0339149,N046_C0001185,46
RGM_0339164,N046_C0001185,46
RGM_0339165,N046_C0001185,46
RGM_0339159,N046_C0001185,46
RGM_0339163,N046_C0001185,46
RGM_0339242,N046_C0001185,46
RGM_0339205,N046_C0001185,46
RGM_0339173,N046_C0001185,46
RGM_0339175,N046_C0001185,46
RGM_0339193,N046_C0001185,46
RGM_0339202,N046_C0001185,46
RGM_0339203,N046_C0001185,46
RGM_0339200,N046_C0001185,46
RGM_0339214,N046_C0001185,46
RGM_0339216,N046_C0001185,46
RGM_0339223,N046_C0001185,46
RGM_0339258,N046_C0001185,46
RGM_0339271,N046_C0001186,46
RGM_0339273,N046_C0001186,46
RGM_0339276,N046_C0001186,46
RGM_0388771,N046_C0001187,46
RGM_0389309,N046_C0001188,46
RGM_0389315,N046_C0001188,46
RGM_0389351,N046_C0001189,46
RGM_0389337,N046_C0001189,46
RGM_0389342,N046_C0001189,46
RGM_0389344,N046_C0001189,46
RGM_0389349,N046_C0001189,46
RGM_0389385,N046_C0001190,46
RGM_0389387,N046_C0001190,46
RGM_0338930,N047_C0001191,47
RGM_0388722,N047_C0001192,47
RGM_0388728,N047_C0001192,47
RGM_0339063,N048_C0001193,48
RGM_0339231,N048_C0001194,48
RGM_0339189,N048_C0001194,48
RGM_0388723,N048_C0001195,48
RGM_0388716,N049_C0001196,49
RGM_0388719,N049_C0001196,49
RGM_0388731,N049_C0001196,49
RGM_0389345,N049_C0001197,49
RGM_0388724,N050_C0001198,50
RGM_0389334,N050_C0001199,50
RGM_0221539,N051_C0001200,51
RGM_0234960,N051_C0001201,51
RGM_0338918,N051_C0001202,51
RGM_0338934,N051_C0001202,51
RGM_0338974,N051_C0001203,51
RGM_0338981,N051_C0001203,51
RGM_0339233,N051_C0001204,51
RGM_0339192,N051_C0001204,51
RGM_0389353,N051_C0001205,51
RGM_0323864,N052_C0001206,52
RGM_0329544,N052_C0001207,52
RGM_0329565,N052_C0001208,52
RGM_0330791,N052_C0001209,52
RGM_0332484,N052_C0001210,52
RGM_0332831,N052_C0001211,52
RGM_0334178,N052_C0001212,52
RGM_0334338,N052_C0001213,52
RGM_0334720,N052_C0001214,52
RGM_0334722,N052_C0001214,52
RGM_0334723,N052_C0001214,52
RGM_0334728,N052_C0001214,52
RGM_0334736,N052_C0001214,52
RGM_0334727,N052_C0001214,52
RGM_0336083,N052_C0001215,52
RGM_0336523,N052_C0001216,52
RGM_0336766,N052_C0001217,52
RGM_0337422,N052_C0001218,52
RGM_0338906,N052_C0001219,52
RGM_0338912,N052_C0001219,52
RGM_0338973,N052_C0001220,52
RGM_0338971,N052_C0001220,52
RGM_0339009,N052_C0001221,52
RGM_0339118,N052_C0001222,52
RGM_0339121,N052_C0001223,52
RGM_0339224,N052_C0001224,52
RGM_0339146,N052_C0001224,52
RGM_0339158,N052_C0001224,52
RGM_0339234,N052_C0001224,52
RGM_0339226,N052_C0001224,52
RGM_0339246,N052_C0001224,52
RGM_0339213,N052_C0001224,52
RGM_0339217,N052_C0001224,52
RGM_0339220,N052_C0001224,52
RGM_0339212,N052_C0001224,52
RGM_0339222,N052_C0001224,52
RGM_0339315,N052_C0001225,52
RGM_0356446,N052_C0001226,52
RGM_0363488,N052_C0001227,52
RGM_0389379,N052_C0001228,52
RGM_0389380,N052_C0001228,52
RGM_0389383,N052_C0001228,52
RGM_0362539,N053_C0001229,53
RGM_0362541,N053_C0001229,53
RGM_0389384,N053_C0001230,53
RGM_0388709,N054_C0001231,54
RGM_0341596,N055_C0001232,55
RGM_0353928,N055_C0001233,55
RGM_0362542,N055_C0001234,55
RGM_0371654,N055_C0001235,55
RGM_0388712,N055_C0001236,55
RGM_0389374,N055_C0001237,55
RGM_0348318,N056_C0001238,56
RGM_0353962,N056_C0001239,56
RGM_0388702,N056_C0001240,56
RGM_0388710,N056_C0001241,56
RGM_0389390,N056_C0001242,56
RGM_0348300,N057_C0001243,57
RGM_0348876,N057_C0001244,57
RGM_0351923,N057_C0001245,57
RGM_0353961,N057_C0001246,57
RGM_0357928,N057_C0001247,57
RGM_0360079,N057_C0001248,57
RGM_0360454,N057_C0001249,57
RGM_0360836,N057_C0001250,57
RGM_0370990,N057_C0001251,57
RGM_0372232,N057_C0001252,57
RGM_0378730,N057_C0001253,57
RGM_0379193,N057_C0001254,57
RGM_0388595,N057_C0001255,57
RGM_0388704,N057_C0001256,57
RGM_0149629,N058_C0001257,58
RGM_0151575,N058_C0001258,58
RGM_0163806,N058_C0001259,58
RGM_0166212,N058_C0001260,58
RGM_0167299,N058_C0001261,58
RGM_0168790,N058_C0001262,58
RGM_0169953,N058_C0001263,58
RGM_0170121,N058_C0001264,58
RGM_0171585,N058_C0001265,58
RGM_0174179,N058_C0001266,58
RGM_0176173,N058_C0001267,58
RGM_0176738,N058_C0001268,58
RGM_0176761,N058_C0001269,58
RGM_0176932,N058_C0001270,58
RGM_0177346,N058_C0001271,58
RGM_0179011,N058_C0001272,58
RGM_0181290,N058_C0001273,58
RGM_0181378,N058_C0001274,58
RGM_0181877,N058_C0001275,58
RGM_0182483,N058_C0001276,58
RGM_0182764,N058_C0001277,58
RGM_0184617,N058_C0001278,58
RGM_0184929,N058_C0001279,58
RGM_0186491,N058_C0001280,58
RGM_0187277,N058_C0001281,58
RGM_0188730,N058_C0001282,58
RGM_0188818,N058_C0001283,58
RGM_0189000,N058_C0001284,58
RGM_0189580,N058_C0001285,58
RGM_0194610,N058_C0001286,58
RGM_0198312,N058_C0001287,58
RGM_0199464,N058_C0001288,58
RGM_0200027,N058_C0001289,58
RGM_0203635,N058_C0001290,58
RGM_0208950,N058_C0001291,58
RGM_0217082,N058_C0001292,58
RGM_0224864,N058_C0001293,58
RGM_0228666,N058_C0001294,58
RGM_0229103,N058_C0001295,58
RGM_0234614,N058_C0001296,58
RGM_0246801,N058_C0001297,58
RGM_0247633,N058_C0001298,58
RGM_0247651,N058_C0001299,58
RGM_0247649,N058_C0001299,58
RGM_0248473,N058_C0001300,58
RGM_0250071,N058_C0001301,58
RGM_0254100,N058_C0001302,58
RGM_0254108,N058_C0001303,58
RGM_0257841,N058_C0001304,58
RGM_0270059,N058_C0001305,58
RGM_0272916,N058_C0001306,58
RGM_0274763,N058_C0001307,58
RGM_0277400,N058_C0001308,58
RGM_0277725,N058_C0001309,58
RGM_0287499,N058_C0001310,58
RGM_0309177,N058_C0001311,58
RGM_0312358,N058_C0001312,58
RGM_0313942,N058_C0001313,58
RGM_0334628,N058_C0001314,58
RGM_0335801,N058_C0001315,58
RGM_0337405,N058_C0001316,58
RGM_0337591,N058_C0001317,58
RGM_0339277,N058_C0001318,58
RGM_0339278,N058_C0001319,58
RGM_0339284,N058_C0001320,58
RGM_0339294,N058_C0001320,58
RGM_0339285,N058_C0001320,58
RGM_0339288,N058_C0001320,58
RGM_0339290,N058_C0001320,58
RGM_0339293,N058_C0001320,58
RGM_0339295,N058_C0001320,58
RGM_0339302,N058_C0001320,58
RGM_0339363,N058_C0001321,58
RGM_0339336,N058_C0001321,58
RGM_0339338,N058_C0001321,58
RGM_0339357,N058_C0001321,58
RGM_0339382,N058_C0001321,58
RGM_0339384,N058_C0001321,58
RGM_0339400,N058_C0001321,58
RGM_0339406,N058_C0001321,58
RGM_0339403,N058_C0001321,58
RGM_0339413,N058_C0001321,58
RGM_0339416,N058_C0001321,58
RGM_0339418,N058_C0001321,58
RGM_0339424,N058_C0001321,58
RGM_0339420,N058_C0001321,58
RGM_0341404,N058_C0001322,58
RGM_0342513,N058_C0001323,58
RGM_0343076,N058_C0001324,58
RGM_0343412,N058_C0001325,58
RGM_0356123,N058_C0001326,58
RGM_0357148,N058_C0001327,58
RGM_0357165,N058_C0001328,58
RGM_0358844,N058_C0001329,58
RGM_0359074,N058_C0001330,58
RGM_0365050,N058_C0001331,58
RGM_0381170,N058_C0001332,58
RGM_0381743,N058_C0001333,58
RGM_0382082,N058_C0001334,58
RGM_0388718,N058_C0001335,58
RGM_0389320,N058_C0001336,58
RGM_0389304,N058_C0001336,58
RGM_0039559,N059_C0001337,59
RGM_0137850,N059_C0001338,59
RGM_0155607,N059_C0001339,59
RGM_0168321,N059_C0001340,59
RGM_0168569,N059_C0001341,59
RGM_0183821,N059_C0001342,59
RGM_0219239,N059_C0001343,59
RGM_0339364,N059_C0001344,59
RGM_0339335,N059_C0001344,59
RGM_0339349,N059_C0001344,59
RGM_0339430,N059_C0001345,59
RGM_0339437,N059_C0001346,59
RGM_0351122,N059_C0001347,59
RGM_0353379,N059_C0001348,59
RGM_0381400,N059_C0001349,59
RGM_0388706,N059_C0001350,59
RGM_0388727,N059_C0001351,59
RGM_0388721,N059_C0001351,59
RGM_0255900,N060_C0001352,60
RGM_0259350,N060_C0001353,60
RGM_0284015,N060_C0001354,60
RGM_0298082,N060_C0001355,60
RGM_0306456,N060_C0001356,60
RGM_0306558,N060_C0001357,60
RGM_0307294,N060_C0001358,60
RGM_0309865,N060_C0001359,60
RGM_0337281,N060_C0001360,60
RGM_0337394,N060_C0001361,60
RGM_0339280,N060_C0001362,60
RGM_0339289,N060_C0001362,60
RGM_0339362,N060_C0001363,60
RGM_0339354,N060_C0001363,60
RGM_0339429,N060_C0001364,60
RGM_0339436,N060_C0001365,60
RGM_0388729,N060_C0001366,60
RGM_0039245,N061_C0001367,61
RGM_0040158,N061_C0001368,61
RGM_0339366,N061_C0001369,61
RGM_0339393,N061_C0001369,61
RGM_0339398,N061_C0001369,61
RGM_0339422,N061_C0001370,61
RGM_0388720,N061_C0001371,61
RGM_0221622,N062_C0001372,62
RGM_0339396,N062_C0001373,62
RGM_0339408,N062_C0001374,62
RGM_0339410,N062_C0001374,62
RGM_0379997,N062_C0001375,62
RGM_0388725,N062_C0001376,62
RGM_0210545,N069_C0001377,69
RGM_0261879,N083_C0001378,83
RGM_0261853,N083_C0001378,83
RGM_0261875,N083_C0001378,83
RGM_0262098,N083_C0001379,83
RGM_0262122,N083_C0001379,83
RGM_0305640,N083_C0001380,83
RGM_0305636,N083_C0001380,83
RGM_0210269,N084_C0001381,84
RGM_0210294,N084_C0001381,84
RGM_0210281,N084_C0001381,84
RGM_0235187,N084_C0001382,84
RGM_0235195,N084_C0001382,84
RGM_0254601,N084_C0001383,84
RGM_0262089,N084_C0001384,84
RGM_0262119,N084_C0001384,84
RGM_0139006,N085_C0001385,85
RGM_0235193,N085_C0001386,85
RGM_0249702,N085_C0001387,85
RGM_0254586,N085_C0001388,85
RGM_0261882,N085_C0001389,85
RGM_0261877,N085_C0001389,85
RGM_0261940,N085_C0001389,85
RGM_0262100,N085_C0001390,85
RGM_0138962,N086_C0001391,86
RGM_0158813,N086_C0001392,86
RGM_0159166,N086_C0001393,86
RGM_0160602,N086_C0001394,86
RGM_0160624,N086_C0001394,86
RGM_0162500,N086_C0001395,86
RGM_0178981,N086_C0001396,86
RGM_0210284,N086_C0001397,86
RGM_0210289,N086_C0001397,86
RGM_0210555,N086_C0001398,86
RGM_0233013,N086_C0001399,86
RGM_0233123,N086_C0001400,86
RGM_0249707,N086_C0001401,86
RGM_0249704,N086_C0001401,86
RGM_0254589,N086_C0001402,86
RGM_0254588,N086_C0001402,86
RGM_0261927,N086_C0001403,86
RGM_0261936,N086_C0001403,86
RGM_0262096,N086_C0001404,86
RGM_0262099,N086_C0001404,86
RGM_0262128,N086_C0001404,86
RGM_0305639,N086_C0001405,86
RGM_0342509,N086_C0001406,86
RGM_0342507,N086_C0001406,86
RGM_0388696,N086_C0001407,86
RGM_0159142,N087_C0001408,87
RGM_0159148,N087_C0001408,87
RGM_0159162,N087_C0001408,87
RGM_0160618,N087_C0001409,87
RGM_0178887,N087_C0001410,87
RGM_0210561,N087_C0001411,87
RGM_0233132,N087_C0001412,87
RGM_0249697,N087_C0001413,87
RGM_0249705,N087_C0001413,87
RGM_0261868,N087_C0001414,87
RGM_0262097,N087_C0001415,87
RGM_0342398,N087_C0001416,87
RGM_0342515,N087_C0001417,87
RGM_0178980,N088_C0001418,88
RGM_0233133,N088_C0001419,88
RGM_0249708,N088_C0001420,88
RGM_0138960,N089_C0001421,89
RGM_0138964,N089_C0001421,89
RGM_0139004,N089_C0001422,89
RGM_0139009,N089_C0001422,89
RGM_0158784,N089_C0001423,89
RGM_0159138,N089_C0001424,89
RGM_0159170,N089_C0001425,89
RGM_0159153,N089_C0001425,89
RGM_0159151,N089_C0001425,89
RGM_0159164,N089_C0001425,89
RGM_0159169,N089_C0001425,89
RGM_0160617,N089_C0001426,89
RGM_0160638,N089_C0001426,89
RGM_0160628,N089_C0001426,89
RGM_0161980,N089_C0001427,89
RGM_0162499,N089_C0001428,89
RGM_0171716,N089_C0001429,89
RGM_0171722,N089_C0001429,89
RGM_0178940,N089_C0001430,89
RGM_0233129,N089_C0001431,89
RGM_0235192,N089_C0001432,89
RGM_0167497,N091_C0001433,91
RGM_0305630,N091_C0001434,91
RGM_0309476,N103_C0001435,103
RGM_0329530,N103_C0001436,103
RGM_0334719,N103_C0001437,103
RGM_0334730,N103_C0001437,103
RGM_0334731,N103_C0001437,103
RGM_0334743,N103_C0001437,103
RGM_0334733,N103_C0001437,103
RGM_0334734,N103_C0001437,103
RGM_0334737,N103_C0001437,103
RGM_0334744,N103_C0001437,103
RGM_0334824,N103_C0001438,103
RGM_0334925,N103_C0001439,103
RGM_0334916,N103_C0001439,103
RGM_0334920,N103_C0001439,103
RGM_0334922,N103_C0001439,103
RGM_0335720,N103_C0001440,103
RGM_0336017,N103_C0001441,103
RGM_0338869,N103_C0001442,103
RGM_0339039,N103_C0001443,103
RGM_0339038,N103_C0001443,103
RGM_0339178,N103_C0001444,103
RGM_0339243,N103_C0001444,103
RGM_0339180,N103_C0001444,103
RGM_0339186,N103_C0001444,103
RGM_0339191,N103_C0001444,103
RGM_0384095,N103_C0001445,103
RGM_0387900,N103_C0001446,103
RGM_0387917,N103_C0001446,103
RGM_0334914,N104_C0001447,104
RGM_0387889,N104_C0001448,104
RGM_0334735,N105_C0001449,105
RGM_0334927,N105_C0001450,105
RGM_0334921,N105_C0001450,105
RGM_0339211,N105_C0001451,105
RGM_0340355,N105_C0001452,105
RGM_0340349,N105_C0001452,105
RGM_0342692,N105_C0001453,105
RGM_0387895,N105_C0001454,105
RGM_0387899,N105_C0001454,105
RGM_0387908,N105_C0001454,105
RGM_0387903,N105_C0001454,105
RGM_0334919,N106_C0001455,106
RGM_0334924,N106_C0001455,106
RGM_0335443,N106_C0001456,106
RGM_0336018,N106_C0001457,106
RGM_0338897,N106_C0001458,106
RGM_0339204,N106_C0001459,106
RGM_0339210,N106_C0001459,106
RGM_0339179,N106_C0001459,106
RGM_0339184,N106_C0001459,106
RGM_0339187,N106_C0001459,106
RGM_0339185,N106_C0001459,106
RGM_0339188,N106_C0001459,106
RGM_0339494,N106_C0001460,106
RGM_0339786,N106_C0001461,106
RGM_0339814,N106_C0001462,106
RGM_0340306,N106_C0001463,106
RGM_0340348,N106_C0001464,106
RGM_0340325,N106_C0001464,106
RGM_0340333,N106_C0001464,106
RGM_0340346,N106_C0001464,106
RGM_0340347,N106_C0001464,106
RGM_0340361,N106_C0001465,106
RGM_0387906,N106_C0001466,106
RGM_0387905,N106_C0001466,106
RGM_0387916,N106_C0001466,106
RGM_0389272,N106_C0001467,106
RGM_0387920,N107_C0001468,107
RGM_0311335,N108_C0001469,108
RGM_0334739,N108_C0001470,108
RGM_0335037,N108_C0001471,108
RGM_0335053,N108_C0001472,108
RGM_0335442,N108_C0001473,108
RGM_0335444,N108_C0001473,108
RGM_0339198,N108_C0001474,108
RGM_0339631,N108_C0001475,108
RGM_0340331,N108_C0001476,108
RGM_0339239,N109_C0001477,109
RGM_0340322,N109_C0001478,109
RGM_0340324,N109_C0001478,109
RGM_0340339,N109_C0001478,109
RGM_0340341,N109_C0001478,109
RGM_0387911,N109_C0001479,109
RGM_0387902,N109_C0001479,109
RGM_0387909,N109_C0001479,109
RGM_0387913,N109_C0001479,109
RGM_0340329,N110_C0001480,110
RGM_0340337,N110_C0001480,110
RGM_0340323,N111_C0001481,111
RGM_0165409,N112_C0001482,112
RGM_0169392,N112_C0001483,112
RGM_0172313,N112_C0001484,112
RGM_0172320,N112_C0001485,112
RGM_0180943,N112_C0001486,112
RGM_0186916,N112_C0001487,112
RGM_0191918,N112_C0001488,112
RGM_0194864,N112_C0001489,112
RGM_0196145,N112_C0001490,112
RGM_0197176,N112_C0001491,112
RGM_0199308,N112_C0001492,112
RGM_0202362,N112_C0001493,112
RGM_0208168,N112_C0001494,112
RGM_0208442,N112_C0001495,112
RGM_0208461,N112_C0001496,112
RGM_0208999,N112_C0001497,112
RGM_0224600,N112_C0001498,112
RGM_0224938,N112_C0001499,112
RGM_0225253,N112_C0001500,112
RGM_0227395,N112_C0001501,112
RGM_0227438,N112_C0001502,112
RGM_0230679,N112_C0001503,112
RGM_0232278,N112_C0001504,112
RGM_0238815,N112_C0001505,112
RGM_0241072,N112_C0001506,112
RGM_0340327,N112_C0001507,112
