node_index,original_node_index,node_id,burial_depth_cm,x_cm,y_cm,z_cm,geometry_type,stratum,region,selected,raw_channels,raw_channel_count,segment_ids,gauge_opportunity_profile,gauge_support_channels,permutation_group,merged_local_event_records
0,0,S2_D2_X20_Y20_Z98,2.0,20.0,20.0,98.0,ring,surface_2cm_top,surface_2cm_top,True,3336;3337;3338;3339;3340;3341;3342;3343;3344;3345;3346;3347,12,andring49;ring49,9:12,3332;3333;3334;3335;3336;3337;3338;3339;3340;3341;3342;3343;3344;3345;3346;3347;3348;3349;3350;3351,surface_2cm_top|ring|9:12,1
1,1,S2_D2_X20_Y40_Z98,2.0,20.0,40.0,98.0,line,surface_2cm_top,surface_2cm_top,True,3335,1,andring49,8:1,3332;3333;3334;3335;3336;3337;3338;3339,surface_2cm_top|line|8:1,0
2,2,S2_D2_X20_Y60_Z98,2.0,20.0,60.0,98.0,line,surface_2cm_top,surface_2cm_top,True,3334,1,andring49,7:1,3332;3333;3334;3335;3336;3337;3338,surface_2cm_top|line|7:1,0
3,3,S2_D2_X20_Y80_Z98,2.0,20.0,80.0,98.0,line,surface_2cm_top,surface_2cm_top,True,3333,1,andring49,6:1,3332;3333;3334;3335;3336;3337,surface_2cm_top|line|6:1,0
4,4,S2_D2_X20_Y100_Z98,2.0,20.0,100.0,98.0,line,surface_2cm_top,surface_2cm_top,True,3332,1,andring49,5:1,3332;3333;3334;3335;3336,surface_2cm_top|line|5:1,0
5,5,S2_D2_X40_Y20_Z98,2.0,40.0,20.0,98.0,line,surface_2cm_top,surface_2cm_top,True,3348,1,ring49andring50,9:1,3344;3345;3346;3347;3348;3349;3350;3351;3352,surface_2cm_top|line|9:1,0
6,6,S2_D2_X40_Y40_Z98,2.0,40.0,40.0,98.0,line,surface_2cm_top,surface_2cm_top,True,3349,1,ring49andring50,9:1,3345;3346;3347;3348;3349;3350;3351;3352;3353,surface_2cm_top|line|9:1,0
7,7,S2_D2_X40_Y60_Z98,2.0,40.0,60.0,98.0,line,surface_2cm_top,surface_2cm_top,True,3350,1,ring49andring50,9:1,3346;3347;3348;3349;3350;3351;3352;3353;3354,surface_2cm_top|line|9:1,0
8,8,S2_D2_X40_Y80_Z98,2.0,40.0,80.0,98.0,line,surface_2cm_top,surface_2cm_top,True,3351,1,ring49andring50,9:1,3347;3348;3349;3350;3351;3352;3353;3354;3355,surface_2cm_top|line|9:1,0
9,9,S2_D2_X40_Y100_Z98,2.0,40.0,100.0,98.0,line,surface_2cm_top,surface_2cm_top,True,3352,1,ring49andring50,9:1,3348;3349;3350;3351;3352;3353;3354;3355;3356,surface_2cm_top|line|9:1,0
10,10,S2_D2_X40_Y120_Z98,2.0,40.0,120.0,98.0,ring,surface_2cm_top,surface_2cm_top,True,3353;3354;3355;3356;3357;3358;3359;3360;3361;3362;3363,11,ring50,9:11,3349;3350;3351;3352;3353;3354;3355;3356;3357;3358;3359;3360;3361;3362;3363;3364;3365;3366;3367,surface_2cm_top|ring|9:11,0
11,11,S2_D2_X60_Y20_Z98,2.0,60.0,20.0,98.0,ring,surface_2cm_top,surface_2cm_top,True,3369;3370;3371;3372;3373;3374;3375;3376;3377;3378;3379,11,ring51,9:11,3365;3366;3367;3368;3369;3370;3371;3372;3373;3374;3375;3376;3377;3378;3379;3380;3381;3382;3383,surface_2cm_top|ring|9:11,0
12,12,S2_D2_X60_Y40_Z98,2.0,60.0,40.0,98.0,line,surface_2cm_top,surface_2cm_top,True,3368,1,ring50andring51,9:1,3364;3365;3366;3367;3368;3369;3370;3371;3372,surface_2cm_top|line|9:1,0
13,13,S2_D2_X60_Y60_Z98,2.0,60.0,60.0,98.0,line,surface_2cm_top,surface_2cm_top,True,3367,1,ring50andring51,9:1,3363;3364;3365;3366;3367;3368;3369;3370;3371,surface_2cm_top|line|9:1,0
14,14,S2_D2_X60_Y80_Z98,2.0,60.0,80.0,98.0,line,surface_2cm_top,surface_2cm_top,True,3366,1,ring50andring51,9:1,3362;3363;3364;3365;3366;3367;3368;3369;3370,surface_2cm_top|line|9:1,0
15,15,S2_D2_X60_Y100_Z98,2.0,60.0,100.0,98.0,line,surface_2cm_top,surface_2cm_top,True,3365,1,ring50andring51,9:1,3361;3362;3363;3364;3365;3366;3367;3368;3369,surface_2cm_top|line|9:1,0
16,16,S2_D2_X60_Y120_Z98,2.0,60.0,120.0,98.0,line,surface_2cm_top,surface_2cm_top,True,3364,1,ring50andring51,9:1,3360;3361;3362;3363;3364;3365;3366;3367;3368,surface_2cm_top|line|9:1,0
17,17,S2_D2_X80_Y20_Z98,2.0,80.0,20.0,98.0,line,surface_2cm_top,surface_2cm_top,True,3380,1,ring51andring52,9:1,3376;3377;3378;3379;3380;3381;3382;3383;3384,surface_2cm_top|line|9:1,1
18,18,S2_D2_X80_Y40_Z98,2.0,80.0,40.0,98.0,line,surface_2cm_top,surface_2cm_top,True,3381,1,ring51andring52,9:1,3377;3378;3379;3380;3381;3382;3383;3384;3385,surface_2cm_top|line|9:1,2
19,19,S2_D2_X80_Y60_Z98,2.0,80.0,60.0,98.0,line,surface_2cm_top,surface_2cm_top,True,3382,1,ring51andring52,9:1,3378;3379;3380;3381;3382;3383;3384;3385;3386,surface_2cm_top|line|9:1,1
20,20,S2_D2_X80_Y80_Z98,2.0,80.0,80.0,98.0,line,surface_2cm_top,surface_2cm_top,True,3383,1,ring51andring52,9:1,3379;3380;3381;3382;3383;3384;3385;3386;3387,surface_2cm_top|line|9:1,0
21,21,S2_D2_X80_Y100_Z98,2.0,80.0,100.0,98.0,line,surface_2cm_top,surface_2cm_top,True,3384,1,ring51andring52,9:1,3380;3381;3382;3383;3384;3385;3386;3387;3388,surface_2cm_top|line|9:1,0
22,22,S2_D2_X80_Y120_Z98,2.0,80.0,120.0,98.0,ring,surface_2cm_top,surface_2cm_top,True,3385;3386;3387;3388;3389;3390;3391;3392;3393;3394;3395,11,ring52,9:11,3381;3382;3383;3384;3385;3386;3387;3388;3389;3390;3391;3392;3393;3394;3395;3396;3397;3398;3399,surface_2cm_top|ring|9:11,0
23,23,S2_D2_X85_Y20_Z98,2.0,85.0,20.0,98.0,ring,surface_2cm_top,surface_2cm_top,True,3401;3402;3403;3404;3405;3406;3407;3408;3409;3410;3411,11,ring53,9:11,3397;3398;3399;3400;3401;3402;3403;3404;3405;3406;3407;3408;3409;3410;3411;3412;3413;3414;3415,surface_2cm_top|ring|9:11,0
24,24,S2_D2_X86_Y40_Z98,2.0,86.0,40.0,98.0,line,surface_2cm_top,surface_2cm_top,True,3400,1,ring52andring53,9:1,3396;3397;3398;3399;3400;3401;3402;3403;3404,surface_2cm_top|line|9:1,0
25,25,S2_D2_X87_Y60_Z98,2.0,87.0,60.0,98.0,line,surface_2cm_top,surface_2cm_top,True,3399,1,ring52andring53,9:1,3395;3396;3397;3398;3399;3400;3401;3402;3403,surface_2cm_top|line|9:1,0
26,26,S2_D2_X88_Y80_Z98,2.0,88.0,80.0,98.0,line,surface_2cm_top,surface_2cm_top,True,3398,1,ring52andring53,9:1,3394;3395;3396;3397;3398;3399;3400;3401;3402,surface_2cm_top|line|9:1,0
27,27,S2_D2_X89_Y100_Z98,2.0,89.0,100.0,98.0,line,surface_2cm_top,surface_2cm_top,True,3397,1,ring52andring53,9:1,3393;3394;3395;3396;3397;3398;3399;3400;3401,surface_2cm_top|line|9:1,0
28,28,S2_D2_X89_Y120_Z98,2.0,89.0,120.0,98.0,line,surface_2cm_top,surface_2cm_top,True,3396,1,ring52andring53,9:1,3392;3393;3394;3395;3396;3397;3398;3399;3400,surface_2cm_top|line|9:1,0
29,29,S2_D2_X95_Y20_Z98,2.0,95.0,20.0,98.0,line,surface_2cm_top,surface_2cm_top,True,3412,1,ring53andring54,9:1,3408;3409;3410;3411;3412;3413;3414;3415;3416,surface_2cm_top|line|9:1,0
30,30,S2_D2_X95_Y40_Z98,2.0,95.0,40.0,98.0,line,surface_2cm_top,surface_2cm_top,True,3413,1,ring53andring54,9:1,3409;3410;3411;3412;3413;3414;3415;3416;3417,surface_2cm_top|line|9:1,0
31,31,S2_D2_X95_Y60_Z98,2.0,95.0,60.0,98.0,line,surface_2cm_top,surface_2cm_top,True,3414,1,ring53andring54,9:1,3410;3411;3412;3413;3414;3415;3416;3417;3418,surface_2cm_top|line|9:1,0
32,32,S2_D2_X95_Y80_Z98,2.0,95.0,80.0,98.0,line,surface_2cm_top,surface_2cm_top,True,3415,1,ring53andring54,9:1,3411;3412;3413;3414;3415;3416;3417;3418;3419,surface_2cm_top|line|9:1,0
33,33,S2_D2_X95_Y100_Z98,2.0,95.0,100.0,98.0,line,surface_2cm_top,surface_2cm_top,True,3416,1,ring53andring54,9:1,3412;3413;3414;3415;3416;3417;3418;3419;3420,surface_2cm_top|line|9:1,0
34,34,S2_D2_X115_Y120_Z80,2.0,115.0,120.0,80.0,ring,surface_2cm_slope,surface_2cm_slope,True,3417;3418;3419;3420;3421;3422;3423;3424;3425;3426;3427,11,ring54,9:11,3413;3414;3415;3416;3417;3418;3419;3420;3421;3422;3423;3424;3425;3426;3427;3428;3429;3430;3431,surface_2cm_slope|ring|9:11,0
35,35,S2_D2_X121_Y30_Z72,2.0,121.0,30.0,72.0,line,surface_2cm_slope,surface_2cm_slope,True,3432,1,ring54andring55,9:1,3428;3429;3430;3431;3432;3433;3434;3435;3436,surface_2cm_slope|line|9:1,0
36,36,S2_D2_X121_Y50_Z72,2.0,121.0,50.0,72.0,line,surface_2cm_slope,surface_2cm_slope,True,3431,1,ring54andring55,9:1,3427;3428;3429;3430;3431;3432;3433;3434;3435,surface_2cm_slope|line|9:1,0
37,37,S2_D2_X121_Y70_Z72,2.0,121.0,70.0,72.0,line,surface_2cm_slope,surface_2cm_slope,True,3430,1,ring54andring55,9:1,3426;3427;3428;3429;3430;3431;3432;3433;3434,surface_2cm_slope|line|9:1,0
38,38,S2_D2_X121_Y90_Z72,2.0,121.0,90.0,72.0,line,surface_2cm_slope,surface_2cm_slope,True,3429,1,ring54andring55,9:1,3425;3426;3427;3428;3429;3430;3431;3432;3433,surface_2cm_slope|line|9:1,0
39,39,S2_D2_X121_Y110_Z72,2.0,121.0,110.0,72.0,line,surface_2cm_slope,surface_2cm_slope,True,3428,1,ring54andring55,9:1,3424;3425;3426;3427;3428;3429;3430;3431;3432,surface_2cm_slope|line|9:1,0
40,40,S2_D2_X127_Y20_Z64,2.0,127.0,20.0,64.0,ring,surface_2cm_slope,surface_2cm_slope,True,3433;3434;3435;3436;3437;3438;3439;3440;3441;3442;3443,11,ring55,9:11,3429;3430;3431;3432;3433;3434;3435;3436;3437;3438;3439;3440;3441;3442;3443;3444;3445;3446;3447,surface_2cm_slope|ring|9:11,0
41,41,S2_D2_X133_Y30_Z56,2.0,133.0,30.0,56.0,line,surface_2cm_slope,surface_2cm_slope,True,3444,1,ring55andring56,9:1,3440;3441;3442;3443;3444;3445;3446;3447;3448,surface_2cm_slope|line|9:1,0
42,42,S2_D2_X133_Y50_Z56,2.0,133.0,50.0,56.0,line,surface_2cm_slope,surface_2cm_slope,True,3445,1,ring55andring56,9:1,3441;3442;3443;3444;3445;3446;3447;3448;3449,surface_2cm_slope|line|9:1,0
43,43,S2_D2_X133_Y70_Z56,2.0,133.0,70.0,56.0,line,surface_2cm_slope,surface_2cm_slope,True,3446,1,ring55andring56,9:1,3442;3443;3444;3445;3446;3447;3448;3449;3450,surface_2cm_slope|line|9:1,0
44,44,S2_D2_X133_Y90_Z56,2.0,133.0,90.0,56.0,line,surface_2cm_slope,surface_2cm_slope,True,3447,1,ring55andring56,9:1,3443;3444;3445;3446;3447;3448;3449;3450;3451,surface_2cm_slope|line|9:1,0
45,45,S2_D2_X133_Y110_Z56,2.0,133.0,110.0,56.0,line,surface_2cm_slope,surface_2cm_slope,True,3448,1,ring55andring56,9:1,3444;3445;3446;3447;3448;3449;3450;3451;3452,surface_2cm_slope|line|9:1,0
46,46,S2_D2_X139_Y120_Z48,2.0,139.0,120.0,48.0,ring,surface_2cm_slope,surface_2cm_slope,True,3449;3450;3451;3452;3453;3454;3455;3456;3457;3458;3459,11,ring56,9:11,3445;3446;3447;3448;3449;3450;3451;3452;3453;3454;3455;3456;3457;3458;3459;3460;3461;3462;3463,surface_2cm_slope|ring|9:11,0
47,47,S2_D2_X145_Y30_Z40,2.0,145.0,30.0,40.0,line,surface_2cm_slope,surface_2cm_slope,True,3464,1,ring56andring57,9:1,3460;3461;3462;3463;3464;3465;3466;3467;3468,surface_2cm_slope|line|9:1,0
48,48,S2_D2_X145_Y50_Z40,2.0,145.0,50.0,40.0,line,surface_2cm_slope,surface_2cm_slope,True,3463,1,ring56andring57,9:1,3459;3460;3461;3462;3463;3464;3465;3466;3467,surface_2cm_slope|line|9:1,0
49,49,S2_D2_X145_Y70_Z40,2.0,145.0,70.0,40.0,line,surface_2cm_slope,surface_2cm_slope,True,3462,1,ring56andring57,9:1,3458;3459;3460;3461;3462;3463;3464;3465;3466,surface_2cm_slope|line|9:1,0
50,50,S2_D2_X145_Y90_Z40,2.0,145.0,90.0,40.0,line,surface_2cm_slope,surface_2cm_slope,True,3461,1,ring56andring57,9:1,3457;3458;3459;3460;3461;3462;3463;3464;3465,surface_2cm_slope|line|9:1,0
51,51,S2_D2_X145_Y110_Z40,2.0,145.0,110.0,40.0,line,surface_2cm_slope,surface_2cm_slope,True,3460,1,ring56andring57,9:1,3456;3457;3458;3459;3460;3461;3462;3463;3464,surface_2cm_slope|line|9:1,0
52,52,S2_D2_X151_Y20_Z32,2.0,151.0,20.0,32.0,ring,surface_2cm_slope,surface_2cm_slope,True,3465;3466;3467;3468;3469;3470;3471;3472;3473;3474;3475,11,ring57,9:11,3461;3462;3463;3464;3465;3466;3467;3468;3469;3470;3471;3472;3473;3474;3475;3476;3477;3478;3479,surface_2cm_slope|ring|9:11,0
53,53,S2_D2_X157_Y30_Z24,2.0,157.0,30.0,24.0,line,surface_2cm_slope,surface_2cm_slope,True,3476,1,ring57andring58,9:1,3472;3473;3474;3475;3476;3477;3478;3479;3480,surface_2cm_slope|line|9:1,0
54,54,S2_D2_X157_Y50_Z24,2.0,157.0,50.0,24.0,line,surface_2cm_slope,surface_2cm_slope,True,3477,1,ring57andring58,9:1,3473;3474;3475;3476;3477;3478;3479;3480;3481,surface_2cm_slope|line|9:1,0
55,55,S2_D2_X157_Y70_Z24,2.0,157.0,70.0,24.0,line,surface_2cm_slope,surface_2cm_slope,True,3478,1,ring57andring58,9:1,3474;3475;3476;3477;3478;3479;3480;3481;3482,surface_2cm_slope|line|9:1,0
56,56,S2_D2_X157_Y90_Z24,2.0,157.0,90.0,24.0,line,surface_2cm_slope,surface_2cm_slope,True,3479,1,ring57andring58,9:1,3475;3476;3477;3478;3479;3480;3481;3482;3483,surface_2cm_slope|line|9:1,0
57,57,S2_D2_X157_Y110_Z24,2.0,157.0,110.0,24.0,line,surface_2cm_slope,surface_2cm_slope,True,3480,1,ring57andring58,9:1,3476;3477;3478;3479;3480;3481;3482;3483;3484,surface_2cm_slope|line|9:1,0
58,58,S2_D2_X163_Y120_Z16,2.0,163.0,120.0,16.0,ring,surface_2cm_slope,surface_2cm_slope,True,3481;3482;3483;3484;3485;3486;3487;3488;3489;3490;3491,11,ring58,9:11,3477;3478;3479;3480;3481;3482;3483;3484;3485;3486;3487;3488;3489;3490;3491;3492;3493;3494;3495,surface_2cm_slope|ring|9:11,0
59,59,S2_D2_X169_Y50_Z8,2.0,169.0,50.0,8.0,line,surface_2cm_slope,surface_2cm_slope,True,3495,1,andring58,5:1,3491;3492;3493;3494;3495,surface_2cm_slope|line|5:1,0
60,60,S2_D2_X169_Y70_Z8,2.0,169.0,70.0,8.0,line,surface_2cm_slope,surface_2cm_slope,True,3494,1,andring58,6:1,3490;3491;3492;3493;3494;3495,surface_2cm_slope|line|6:1,0
61,61,S2_D2_X169_Y90_Z8,2.0,169.0,90.0,8.0,line,surface_2cm_slope,surface_2cm_slope,True,3493,1,andring58,7:1,3489;3490;3491;3492;3493;3494;3495,surface_2cm_slope|line|7:1,0
62,62,S2_D2_X169_Y110_Z8,2.0,169.0,110.0,8.0,line,surface_2cm_slope,surface_2cm_slope,True,3492,1,andring58,8:1,3488;3489;3490;3491;3492;3493;3494;3495,surface_2cm_slope|line|8:1,0
63,63,S2_D20_X30_Y18.4_Z80,20.0,30.0,18.4,80.0,ring,horizontal_20cm,platform_20cm,True,3302;3303;3304,3,ring45,9:3,3298;3299;3300;3301;3302;3303;3304;3305;3306;3307;3308,horizontal_20cm|ring|9:3,0
64,64,S2_D20_X30_Y25.6_Z80,20.0,30.0,25.6,80.0,line,horizontal_20cm,platform_20cm,True,3305,1,ring45andring46,9:1,3301;3302;3303;3304;3305;3306;3307;3308;3309,horizontal_20cm|line|9:1,0
65,65,S2_D20_X30_Y45.6_Z80,20.0,30.0,45.6,80.0,line,horizontal_20cm,platform_20cm,True,3306,1,ring45andring46,9:1,3302;3303;3304;3305;3306;3307;3308;3309;3310,horizontal_20cm|line|9:1,0
66,66,S2_D20_X30_Y52.8_Z80,20.0,30.0,52.8,80.0,ring,horizontal_20cm,platform_20cm,True,3307;3308;3309,3,ring46,9:3,3303;3304;3305;3306;3307;3308;3309;3310;3311;3312;3313,horizontal_20cm|ring|9:3,0
67,67,S2_D20_X30_Y60_Z80,20.0,30.0,60.0,80.0,line,horizontal_20cm,platform_20cm,True,3310,1,ring46andring47,9:1,3306;3307;3308;3309;3310;3311;3312;3313;3314,horizontal_20cm|line|9:1,0
68,68,S2_D20_X30_Y80_Z80,20.0,30.0,80.0,80.0,line,horizontal_20cm,platform_20cm,True,3311,1,ring46andring47,9:1,3307;3308;3309;3310;3311;3312;3313;3314;3315,horizontal_20cm|line|9:1,0
69,69,S2_D20_X30_Y87.2_Z80,20.0,30.0,87.2,80.0,ring,horizontal_20cm,platform_20cm,True,3312;3313;3314,3,ring47,9:3,3308;3309;3310;3311;3312;3313;3314;3315;3316;3317;3318,horizontal_20cm|ring|9:3,0
70,70,S2_D20_X30_Y94.4_Z80,20.0,30.0,94.4,80.0,line,horizontal_20cm,platform_20cm,True,3315,1,ring47andring48,9:1,3311;3312;3313;3314;3315;3316;3317;3318;3319,horizontal_20cm|line|9:1,0
71,71,S2_D20_X30_Y114.4_Z80,20.0,30.0,114.4,80.0,line,horizontal_20cm,platform_20cm,True,3316,1,ring47andring48,8:1,3312;3313;3314;3315;3316;3317;3318;3319,horizontal_20cm|line|8:1,0
72,72,S2_D20_X30_Y121.6_Z80,20.0,30.0,121.6,80.0,ring,horizontal_20cm,platform_20cm,True,3317;3318;3319,3,ring48,5:1;6:1;7:1,3313;3314;3315;3316;3317;3318;3319,horizontal_20cm|ring|5:1;6:1;7:1,0
73,73,S2_D20_X60_Y18.4_Z80,20.0,60.0,18.4,80.0,ring,horizontal_20cm,platform_20cm,True,3297;3298;3299,3,ring44,9:3,3293;3294;3295;3296;3297;3298;3299;3300;3301;3302;3303,horizontal_20cm|ring|9:3,0
74,74,S2_D20_X60_Y25.6_Z80,20.0,60.0,25.6,80.0,line,horizontal_20cm,platform_20cm,True,3296,1,ring43andring44,9:1,3292;3293;3294;3295;3296;3297;3298;3299;3300,horizontal_20cm|line|9:1,0
75,75,S2_D20_X60_Y45.6_Z80,20.0,60.0,45.6,80.0,line,horizontal_20cm,platform_20cm,True,3295,1,ring43andring44,9:1,3291;3292;3293;3294;3295;3296;3297;3298;3299,horizontal_20cm|line|9:1,0
76,76,S2_D20_X60_Y52.8_Z80,20.0,60.0,52.8,80.0,ring,horizontal_20cm,platform_20cm,True,3292;3293;3294,3,ring43,9:3,3288;3289;3290;3291;3292;3293;3294;3295;3296;3297;3298,horizontal_20cm|ring|9:3,0
77,77,S2_D20_X60_Y60_Z80,20.0,60.0,60.0,80.0,line,horizontal_20cm,platform_20cm,True,3291,1,ring42andring43,9:1,3287;3288;3289;3290;3291;3292;3293;3294;3295,horizontal_20cm|line|9:1,0
78,78,S2_D20_X60_Y80_Z80,20.0,60.0,80.0,80.0,line,horizontal_20cm,platform_20cm,True,3290,1,ring42andring43,9:1,3286;3287;3288;3289;3290;3291;3292;3293;3294,horizontal_20cm|line|9:1,0
79,79,S2_D20_X60_Y87.2_Z80,20.0,60.0,87.2,80.0,ring,horizontal_20cm,platform_20cm,True,3287;3288;3289,3,ring42,9:3,3283;3284;3285;3286;3287;3288;3289;3290;3291;3292;3293,horizontal_20cm|ring|9:3,0
80,80,S2_D20_X60_Y94.4_Z80,20.0,60.0,94.4,80.0,line,horizontal_20cm,platform_20cm,True,3286,1,ring41andring42,9:1,3282;3283;3284;3285;3286;3287;3288;3289;3290,horizontal_20cm|line|9:1,0
81,81,S2_D20_X60_Y114.4_Z80,20.0,60.0,114.4,80.0,line,horizontal_20cm,platform_20cm,True,3285,1,ring41andring42,9:1,3281;3282;3283;3284;3285;3286;3287;3288;3289,horizontal_20cm|line|9:1,0
82,82,S2_D20_X60_Y121.6_Z80,20.0,60.0,121.6,80.0,ring,horizontal_20cm,platform_20cm,True,3282;3283;3284,3,ring41,9:3,3278;3279;3280;3281;3282;3283;3284;3285;3286;3287;3288,horizontal_20cm|ring|9:3,0
83,83,S2_D20_X90_Y18.4_Z80,20.0,90.0,18.4,80.0,ring,horizontal_20cm,platform_20cm,True,3262;3263;3264,3,ring37,5:1;6:1;7:1,3262;3263;3264;3265;3266;3267;3268,horizontal_20cm|ring|5:1;6:1;7:1,2
84,84,S2_D20_X90_Y25.6_Z80,20.0,90.0,25.6,80.0,line,horizontal_20cm,platform_20cm,True,3265,1,ring37andring38,8:1,3262;3263;3264;3265;3266;3267;3268;3269,horizontal_20cm|line|8:1,1
85,85,S2_D20_X90_Y45.6_Z80,20.0,90.0,45.6,80.0,line,horizontal_20cm,platform_20cm,True,3266,1,ring37andring38,9:1,3262;3263;3264;3265;3266;3267;3268;3269;3270,horizontal_20cm|line|9:1,2
86,86,S2_D20_X90_Y52.8_Z80,20.0,90.0,52.8,80.0,ring,horizontal_20cm,platform_20cm,True,3267;3268;3269,3,ring38,9:3,3263;3264;3265;3266;3267;3268;3269;3270;3271;3272;3273,horizontal_20cm|ring|9:3,2
87,87,S2_D20_X90_Y60_Z80,20.0,90.0,60.0,80.0,line,horizontal_20cm,platform_20cm,True,3270,1,ring38andring39,9:1,3266;3267;3268;3269;3270;3271;3272;3273;3274,horizontal_20cm|line|9:1,2
88,88,S2_D20_X90_Y80_Z80,20.0,90.0,80.0,80.0,line,horizontal_20cm,platform_20cm,True,3271,1,ring38andring39,9:1,3267;3268;3269;3270;3271;3272;3273;3274;3275,horizontal_20cm|line|9:1,0
89,89,S2_D20_X90_Y87.2_Z80,20.0,90.0,87.2,80.0,ring,horizontal_20cm,platform_20cm,True,3272;3273;3274,3,ring39,9:3,3268;3269;3270;3271;3272;3273;3274;3275;3276;3277;3278,horizontal_20cm|ring|9:3,0
90,90,S2_D20_X90_Y94.4_Z80,20.0,90.0,94.4,80.0,line,horizontal_20cm,platform_20cm,True,3275,1,ring39andring40,9:1,3271;3272;3273;3274;3275;3276;3277;3278;3279,horizontal_20cm|line|9:1,0
91,91,S2_D20_X90_Y114.4_Z80,20.0,90.0,114.4,80.0,line,horizontal_20cm,platform_20cm,True,3276,1,ring39andring40,9:1,3272;3273;3274;3275;3276;3277;3278;3279;3280,horizontal_20cm|line|9:1,0
92,92,S2_D20_X90_Y121.6_Z80,20.0,90.0,121.6,80.0,ring,horizontal_20cm,platform_20cm,True,3277;3278;3279,3,ring40,9:3,3273;3274;3275;3276;3277;3278;3279;3280;3281;3282;3283,horizontal_20cm|ring|9:3,0
93,123,S2_D50_X120_Y18.4_Z50,50.0,120.0,18.4,50.0,ring,horizontal_50cm,near_face_50cm,True,3180;3181;3182,3,ring21,6:2;7:1,3176;3180;3181;3182;3183;3184;3185;3186,horizontal_50cm|ring|6:2;7:1,0
94,124,S2_D50_X120_Y25.6_Z50,50.0,120.0,25.6,50.0,line,horizontal_50cm,near_face_50cm,True,3183,1,ring21andring22,8:1,3180;3181;3182;3183;3184;3185;3186;3187,horizontal_50cm|line|8:1,0
95,125,S2_D50_X120_Y45.6_Z50,50.0,120.0,45.6,50.0,line,horizontal_50cm,near_face_50cm,True,3184,1,ring21andring22,9:1,3180;3181;3182;3183;3184;3185;3186;3187;3188,horizontal_50cm|line|9:1,0
96,126,S2_D50_X120_Y52.8_Z50,50.0,120.0,52.8,50.0,ring,horizontal_50cm,near_face_50cm,True,3185;3186;3187,3,ring22,9:3,3181;3182;3183;3184;3185;3186;3187;3188;3189;3190;3191,horizontal_50cm|ring|9:3,0
97,127,S2_D50_X120_Y60_Z50,50.0,120.0,60.0,50.0,line,horizontal_50cm,near_face_50cm,True,3188,1,ring22andring23,9:1,3184;3185;3186;3187;3188;3189;3190;3191;3192,horizontal_50cm|line|9:1,0
98,128,S2_D50_X120_Y80_Z50,50.0,120.0,80.0,50.0,line,horizontal_50cm,near_face_50cm,True,3189,1,ring22andring23,9:1,3185;3186;3187;3188;3189;3190;3191;3192;3193,horizontal_50cm|line|9:1,0
99,129,S2_D50_X120_Y87.2_Z50,50.0,120.0,87.2,50.0,ring,horizontal_50cm,near_face_50cm,True,3190;3191;3192,3,ring23,9:3,3186;3187;3188;3189;3190;3191;3192;3193;3194;3195;3196,horizontal_50cm|ring|9:3,0
100,130,S2_D50_X120_Y94.4_Z50,50.0,120.0,94.4,50.0,line,horizontal_50cm,near_face_50cm,True,3193,1,ring23andring24,9:1,3189;3190;3191;3192;3193;3194;3195;3196;3197,horizontal_50cm|line|9:1,0
101,131,S2_D50_X120_Y114.4_Z50,50.0,120.0,114.4,50.0,line,horizontal_50cm,near_face_50cm,True,3194,1,ring23andring24,9:1,3190;3191;3192;3193;3194;3195;3196;3197;3198,horizontal_50cm|line|9:1,0
102,132,S2_D50_X120_Y121.6_Z50,50.0,120.0,121.6,50.0,ring,horizontal_50cm,near_face_50cm,True,3195;3196;3197,3,ring24,9:3,3191;3192;3193;3194;3195;3196;3197;3198;3199;3200;3201,horizontal_50cm|ring|9:3,0
103,173,S2_D80_X150_Y18.4_Z20,80.0,150.0,18.4,20.0,ring,horizontal_80cm,near_face_80cm,True,3094;3095;3096,3,ring04,9:3,3090;3091;3092;3093;3094;3095;3096;3097;3098;3099;3100,horizontal_80cm|ring|9:3,0
104,174,S2_D80_X150_Y25.6_Z20,80.0,150.0,25.6,20.0,line,horizontal_80cm,near_face_80cm,True,3093,1,ring03andring04,9:1,3089;3090;3091;3092;3093;3094;3095;3096;3097,horizontal_80cm|line|9:1,0
105,175,S2_D80_X150_Y45.6_Z20,80.0,150.0,45.6,20.0,line,horizontal_80cm,near_face_80cm,True,3092,1,ring03andring04,9:1,3088;3089;3090;3091;3092;3093;3094;3095;3096,horizontal_80cm|line|9:1,0
106,176,S2_D80_X150_Y52.8_Z20,80.0,150.0,52.8,20.0,ring,horizontal_80cm,near_face_80cm,True,3089;3090;3091,3,ring03,9:3,3085;3086;3087;3088;3089;3090;3091;3092;3093;3094;3095,horizontal_80cm|ring|9:3,0
107,177,S2_D80_X150_Y60_Z20,80.0,150.0,60.0,20.0,line,horizontal_80cm,near_face_80cm,True,3088,1,ring02andring03,9:1,3084;3085;3086;3087;3088;3089;3090;3091;3092,horizontal_80cm|line|9:1,0
108,178,S2_D80_X150_Y80_Z20,80.0,150.0,80.0,20.0,line,horizontal_80cm,near_face_80cm,True,3087,1,ring02andring03,9:1,3083;3084;3085;3086;3087;3088;3089;3090;3091,horizontal_80cm|line|9:1,0
109,179,S2_D80_X150_Y87.2_Z20,80.0,150.0,87.2,20.0,ring,horizontal_80cm,near_face_80cm,True,3084;3085;3086,3,ring02,9:3,3080;3081;3082;3083;3084;3085;3086;3087;3088;3089;3090,horizontal_80cm|ring|9:3,0
110,180,S2_D80_X150_Y94.4_Z20,80.0,150.0,94.4,20.0,line,horizontal_80cm,near_face_80cm,True,3083,1,ring01andring02,9:1,3079;3080;3081;3082;3083;3084;3085;3086;3087,horizontal_80cm|line|9:1,0
111,181,S2_D80_X150_Y114.4_Z20,80.0,150.0,114.4,20.0,line,horizontal_80cm,near_face_80cm,True,3082,1,ring01andring02,8:1,3079;3080;3081;3082;3083;3084;3085;3086,horizontal_80cm|line|8:1,0
112,182,S2_D80_X150_Y121.6_Z20,80.0,150.0,121.6,20.0,ring,horizontal_80cm,near_face_80cm,True,3079;3080;3081,3,ring01,5:1;6:1;7:1,3079;3080;3081;3082;3083;3084;3085,horizontal_80cm|ring|5:1;6:1;7:1,0
