minute_time,event_count,activity_increment,excluded_from_analysis,cumulative_activity,count_trailing_10min_mean
2025-08-11 09:00:00,0,0.0,True,0.0,0.0
2025-08-11 09:01:00,0,0.0,True,0.0,0.0
2025-08-11 09:02:00,0,0.0,True,0.0,0.0
2025-08-11 09:03:00,0,0.0,True,0.0,0.0
2025-08-11 09:04:00,0,0.0,True,0.0,0.0
2025-08-11 09:05:00,0,0.0,True,0.0,0.0
2025-08-11 09:06:00,0,0.0,True,0.0,0.0
2025-08-11 09:07:00,0,0.0,True,0.0,0.0
2025-08-11 09:08:00,0,0.0,True,0.0,0.0
2025-08-11 09:09:00,0,0.0,True,0.0,0.0
2025-08-11 09:10:00,0,0.0,True,0.0,0.0
2025-08-11 09:11:00,0,0.0,True,0.0,0.0
2025-08-11 09:12:00,0,0.0,True,0.0,0.0
2025-08-11 09:13:00,0,0.0,True,0.0,0.0
2025-08-11 09:14:00,0,0.0,True,0.0,0.0
2025-08-11 09:15:00,0,0.0,True,0.0,0.0
2025-08-11 09:16:00,0,0.0,True,0.0,0.0
2025-08-11 09:17:00,0,0.0,True,0.0,0.0
2025-08-11 09:18:00,0,0.0,True,0.0,0.0
2025-08-11 09:19:00,0,0.0,True,0.0,0.0
2025-08-11 09:20:00,0,0.0,True,0.0,0.0
2025-08-11 09:21:00,0,0.0,True,0.0,0.0
2025-08-11 09:22:00,0,0.0,True,0.0,0.0
2025-08-11 09:23:00,0,0.0,True,0.0,0.0
2025-08-11 09:24:00,0,0.0,True,0.0,0.0
2025-08-11 09:25:00,0,0.0,True,0.0,0.0
2025-08-11 09:26:00,0,0.0,True,0.0,0.0
2025-08-11 09:27:00,0,0.0,True,0.0,0.0
2025-08-11 09:28:00,0,0.0,True,0.0,0.0
2025-08-11 09:29:00,0,0.0,True,0.0,0.0
2025-08-11 09:30:00,24,0.0042647841812081,False,0.0042647841812081,2.4
2025-08-11 09:31:00,2,0.0001733380218788,False,0.004438122203086901,2.6
2025-08-11 09:32:00,5,0.0005227316926525,False,0.0049608538957394005,3.1
2025-08-11 09:33:00,30,0.0064469673515295,False,0.0114078212472689,6.1
2025-08-11 09:34:00,8,0.0014763245762955,False,0.0128841458235644,6.9
2025-08-11 09:35:00,2,0.0002155946345245,False,0.0130997404580889,7.1
2025-08-11 09:36:00,18,0.0038000773056257,False,0.0168998177637146,8.9
2025-08-11 09:37:00,2,8.020120038345718e-05,False,0.016980018964098058,9.1
2025-08-11 09:38:00,1,5.393921388907593e-05,False,0.017033958177987134,9.2
2025-08-11 09:39:00,184,0.1410292228932531,False,0.15806318107124023,27.6
2025-08-11 09:40:00,8,0.0017818038958576,False,0.15984498496709784,26.0
2025-08-11 09:41:00,4,0.0006046375876155,False,0.16044962255471334,26.2
2025-08-11 09:42:00,8,0.0028192748151841,False,0.16326889736989744,26.5
2025-08-11 09:43:00,9,0.0018118561647396,False,0.16508075353463705,24.4
2025-08-11 09:44:00,18,0.0050824227974285,False,0.17016317633206554,25.4
2025-08-11 09:45:00,7,0.0027914537168348,False,0.17295463004890035,25.9
2025-08-11 09:46:00,2,2.9698149156158527e-05,False,0.1729843281980565,24.3
2025-08-11 09:47:00,3,0.0001461968659058,False,0.17313052506396232,24.4
2025-08-11 09:48:00,60,0.0198254085823198,False,0.1929559336462821,30.3
2025-08-11 09:49:00,1,8.809208894363061e-05,False,0.19304402573522575,12.0
2025-08-11 09:50:00,32,0.0221861558729598,False,0.21523018160818555,14.4
2025-08-11 09:51:00,16,0.0030067994763629,False,0.21823698108454845,15.6
2025-08-11 09:52:00,26,0.008975928874827,False,0.22721290995937546,17.4
2025-08-11 09:53:00,0,0.0,False,0.22721290995937546,16.5
2025-08-11 09:54:00,0,0.0,False,0.22721290995937546,14.7
2025-08-11 09:55:00,2,0.0001415586948552,False,0.22735446865423065,14.2
2025-08-11 09:56:00,2,0.0001296775729205,False,0.22748414622715116,14.2
2025-08-11 09:57:00,0,0.0,False,0.22748414622715116,13.9
2025-08-11 09:58:00,9,0.0012164616154498,False,0.22870060784260096,8.8
2025-08-11 09:59:00,3,0.0003065128746777,False,0.22900712071727866,9.0
2025-08-11 10:00:00,0,0.0,False,0.22900712071727866,5.8
2025-08-11 10:01:00,0,0.0,False,0.22900712071727866,4.2
2025-08-11 10:02:00,0,0.0,False,0.22900712071727866,1.6
2025-08-11 10:03:00,0,0.0,False,0.22900712071727866,1.6
2025-08-11 10:04:00,7,0.0016342802189377,False,0.23064140093621635,2.3
2025-08-11 10:05:00,23,0.0070061582033988,False,0.23764755913961516,4.4
2025-08-11 10:06:00,2,7.874624604594067e-05,False,0.2377263053856611,4.4
2025-08-11 10:07:00,14,0.0030845946655149,False,0.240810900051176,5.8
2025-08-11 10:08:00,30,0.0062689726648716,False,0.2470798727160476,7.9
2025-08-11 10:09:00,133,0.0086071500811595,False,0.25568702279720706,20.9
2025-08-11 10:10:00,5,0.001647492653668,False,0.25733451545087505,21.4
2025-08-11 10:11:00,29,0.0185101570768455,False,0.27584467252772055,24.3
2025-08-11 10:12:00,9,0.0025988846284139,False,0.27844355715613445,25.2
2025-08-11 10:13:00,8,0.0012092292254967,False,0.27965278638163116,26.0
2025-08-11 10:14:00,0,0.0,False,0.27965278638163116,25.3
2025-08-11 10:15:00,4,0.0006995481721664,False,0.28035233455379754,23.4
2025-08-11 10:16:00,12,0.0048544232611149,False,0.28520675781491245,24.4
2025-08-11 10:17:00,4,0.0008734274522105,False,0.2860801852671229,23.4
2025-08-11 10:18:00,0,0.0,False,0.2860801852671229,20.4
2025-08-11 10:19:00,2,0.0001832573852786,False,0.2862634426524015,7.3
2025-08-11 10:20:00,2,0.0002672159200886,False,0.2865306585724901,7.0
2025-08-11 10:21:00,1,0.0001046139599866,False,0.2866352725324767,4.2
2025-08-11 10:22:00,5,0.000369821168431,False,0.2870050937009077,3.8
2025-08-11 10:23:00,3,0.0001791405758581,False,0.2871842342767658,3.3
2025-08-11 10:24:00,12,0.0013352795287234,False,0.28851951380548924,4.5
2025-08-11 10:25:00,2,9.120462007197444e-05,False,0.2886107184255612,4.3
2025-08-11 10:26:00,1,0.0001776569551399,False,0.28878837538070107,3.2
2025-08-11 10:27:00,1,2.7962614968039505e-05,False,0.2888163379956691,2.9
2025-08-11 10:28:00,4,0.0006336652650422,False,0.2894500032607113,3.3
2025-08-11 10:29:00,2,0.0001880170901921,False,0.2896380203509034,3.3
2025-08-11 10:30:00,1,0.0001671843466818,False,0.2898052046975852,3.2
2025-08-11 10:31:00,2,0.0003613790863998,False,0.290166583783985,3.3
2025-08-11 10:32:00,4,0.00081192480595,False,0.290978508589935,3.2
2025-08-11 10:33:00,16,0.0040098192959078,False,0.29498832788584284,4.5
2025-08-11 10:34:00,11,0.0036355506172237,False,0.29862387850306654,4.4
2025-08-11 10:35:00,5,0.0039382174234026,False,0.30256209592646915,4.7
2025-08-11 10:36:00,1,9.792730393094828e-05,False,0.3026600232304001,4.7
2025-08-11 10:37:00,0,0.0,False,0.3026600232304001,4.6
2025-08-11 10:38:00,3,0.0004957099308633,False,0.3031557331612634,4.5
2025-08-11 10:39:00,1,6.561681740165971e-05,False,0.303221349978665,4.4
2025-08-11 10:40:00,1,0.0003041344461555,False,0.3035254844248205,4.4
2025-08-11 10:41:00,16,0.0214195814747853,False,0.3249450658996058,5.8
2025-08-11 10:42:00,1,4.560933308230636e-05,False,0.3249906752326881,5.5
2025-08-11 10:43:00,1,8.193659754473981e-05,False,0.32507261183023284,4.0
2025-08-11 10:44:00,3,0.001819475089486,False,0.3268920869197188,3.2
2025-08-11 10:45:00,2,0.0004575210003805,False,0.3273496079200993,2.9
2025-08-11 10:46:00,0,0.0,False,0.3273496079200993,2.8
2025-08-11 10:47:00,0,0.0,False,0.3273496079200993,2.8
2025-08-11 10:48:00,1,9.187830718543074e-05,False,0.32744148622728475,2.6
2025-08-11 10:49:00,1,0.0001838198799515,False,0.3276253061072362,2.6
2025-08-11 10:50:00,0,0.0,False,0.3276253061072362,2.5
2025-08-11 10:51:00,71,0.0312532556410563,False,0.3588785617482925,8.0
2025-08-11 10:52:00,4,0.0010089801044256,False,0.35988754185271815,8.3
2025-08-11 10:53:00,0,0.0,False,0.35988754185271815,8.2
2025-08-11 10:54:00,4,0.0005332177379336,False,0.36042075959065173,8.3
2025-08-11 10:55:00,16,0.0022689732444217,False,0.36268973283507344,9.7
2025-08-11 10:56:00,2,2.2813923221415024e-05,False,0.36271254675829484,9.9
2025-08-11 10:57:00,3,0.0001108255286446,False,0.36282337228693945,10.2
2025-08-11 10:58:00,3,9.111741269511724e-05,False,0.3629144896996346,10.4
2025-08-11 10:59:00,3,0.0001551115554166,False,0.36306960125505117,10.6
2025-08-11 11:00:00,0,0.0,False,0.36306960125505117,10.6
2025-08-11 11:01:00,0,0.0,False,0.36306960125505117,3.5
2025-08-11 11:02:00,0,0.0,False,0.36306960125505117,3.1
2025-08-11 11:03:00,0,0.0,False,0.36306960125505117,3.1
2025-08-11 11:04:00,0,0.0,False,0.36306960125505117,2.7
2025-08-11 11:05:00,0,0.0,False,0.36306960125505117,1.1
2025-08-11 11:06:00,0,0.0,False,0.36306960125505117,0.9
2025-08-11 11:07:00,0,0.0,False,0.36306960125505117,0.6
2025-08-11 11:08:00,0,0.0,False,0.36306960125505117,0.3
2025-08-11 11:09:00,0,0.0,False,0.36306960125505117,0.0
2025-08-11 11:10:00,0,0.0,False,0.36306960125505117,0.0
2025-08-11 11:11:00,0,0.0,False,0.36306960125505117,0.0
2025-08-11 11:12:00,0,0.0,False,0.36306960125505117,0.0
2025-08-11 11:13:00,0,0.0,False,0.36306960125505117,0.0
2025-08-11 11:14:00,0,0.0,False,0.36306960125505117,0.0
2025-08-11 11:15:00,0,0.0,False,0.36306960125505117,0.0
2025-08-11 11:16:00,0,0.0,False,0.36306960125505117,0.0
2025-08-11 11:17:00,0,0.0,False,0.36306960125505117,0.0
2025-08-11 11:18:00,0,0.0,False,0.36306960125505117,0.0
2025-08-11 11:19:00,9,0.0032500734008856,False,0.3663196746559368,0.9
2025-08-11 11:20:00,0,0.0,False,0.3663196746559368,0.9
2025-08-11 11:21:00,17,0.0138196462056796,False,0.3801393208616164,2.6
2025-08-11 11:22:00,1,1.359414189792966e-05,False,0.38015291500351434,2.7
2025-08-11 11:23:00,33,0.0145597130694223,False,0.3947126280729366,6.0
2025-08-11 11:24:00,14,0.0098340711762596,False,0.40454669924919623,7.4
2025-08-11 11:25:00,4,0.0011707160435773,False,0.40571741529277355,7.8
2025-08-11 11:26:00,0,0.0,False,0.40571741529277355,7.8
2025-08-11 11:27:00,0,0.0,False,0.40571741529277355,7.8
2025-08-11 11:28:00,0,0.0,False,0.40571741529277355,7.8
2025-08-11 11:29:00,0,0.0,False,0.40571741529277355,6.9
2025-08-11 11:30:00,0,0.0,False,0.40571741529277355,6.9
2025-08-11 11:31:00,0,0.0,False,0.40571741529277355,5.2
2025-08-11 11:32:00,0,0.0,False,0.40571741529277355,5.1
2025-08-11 11:33:00,3,0.0008558570627004,False,0.40657327235547397,2.1
2025-08-11 11:34:00,17,0.0100794439879477,False,0.41665271634342166,2.4
2025-08-11 11:35:00,0,0.0,False,0.41665271634342166,2.0
2025-08-11 11:36:00,1,0.0005838530085215,False,0.41723656935194314,2.1
2025-08-11 11:37:00,0,0.0,False,0.41723656935194314,2.1
2025-08-11 11:38:00,5,0.0019311446042217,False,0.41916771395616487,2.6
2025-08-11 11:39:00,26,0.0084828931722458,False,0.4276506071284107,5.2
2025-08-11 11:40:00,3,0.0010831702158616,False,0.42873377734427226,5.5
2025-08-11 11:41:00,14,0.0052980002879693,False,0.43403177763224154,6.9
2025-08-11 11:42:00,21,0.0112245033912107,False,0.44525628102345227,9.0
2025-08-11 11:43:00,1,0.0001176841563749,False,0.4453739651798272,8.8
2025-08-11 11:44:00,2,0.000226343726509,False,0.4456003089063362,7.3
2025-08-11 11:45:00,7,0.0013432250699549,False,0.44694353397629105,8.0
2025-08-11 11:46:00,35,0.0075609315870525,False,0.45450446556334356,11.4
2025-08-11 11:47:00,8,0.0015961353079625,False,0.45610060087130605,12.2
2025-08-11 11:48:00,11,0.0027031523827446,False,0.45880375325405065,12.8
2025-08-11 11:49:00,13,0.0062112738376096,False,0.46501502709166026,11.5
2025-08-11 11:50:00,9,0.0053911396316742,False,0.47040616672333446,12.1
2025-08-11 11:51:00,2,0.0011052780177858,False,0.4715114447411203,10.9
2025-08-11 11:52:00,2,0.0004495155401178,False,0.4719609602812381,9.0
2025-08-11 11:53:00,2,0.0011468267230784,False,0.4731077870043165,9.1
2025-08-11 11:54:00,10,0.0113381321057297,False,0.4844459191100462,9.9
2025-08-11 11:55:00,0,0.0,False,0.4844459191100462,9.2
2025-08-11 11:56:00,2,0.0014581986863872,False,0.4859041177964334,5.9
2025-08-11 11:57:00,10,0.002373102129796,False,0.4882772199262294,6.1
2025-08-11 11:58:00,9,0.0038352722974221,False,0.4921124922236515,5.9
2025-08-11 11:59:00,49,0.0074309668594814,False,0.4995434590831329,9.5
2025-08-11 12:00:00,2,0.0008994912143865,False,0.5004429502975194,8.8
2025-08-11 12:01:00,0,0.0,False,0.5004429502975194,8.6
2025-08-11 12:02:00,0,0.0,False,0.5004429502975194,8.4
2025-08-11 12:03:00,0,0.0,False,0.5004429502975194,8.2
2025-08-11 12:04:00,0,0.0,False,0.5004429502975194,7.2
2025-08-11 12:05:00,0,0.0,False,0.5004429502975194,7.2
2025-08-11 12:06:00,0,0.0,False,0.5004429502975194,7.0
2025-08-11 12:07:00,0,0.0,False,0.5004429502975194,6.0
2025-08-11 12:08:00,0,0.0,False,0.5004429502975194,5.1
2025-08-11 12:09:00,0,0.0,False,0.5004429502975194,0.2
2025-08-11 12:10:00,0,0.0,False,0.5004429502975194,0.0
2025-08-11 12:11:00,0,0.0,False,0.5004429502975194,0.0
2025-08-11 12:12:00,0,0.0,False,0.5004429502975194,0.0
2025-08-11 12:13:00,0,0.0,False,0.5004429502975194,0.0
2025-08-11 12:14:00,0,0.0,False,0.5004429502975194,0.0
2025-08-11 12:15:00,0,0.0,False,0.5004429502975194,0.0
2025-08-11 12:16:00,0,0.0,False,0.5004429502975194,0.0
2025-08-11 12:17:00,0,0.0,False,0.5004429502975194,0.0
2025-08-11 12:18:00,0,0.0,False,0.5004429502975194,0.0
2025-08-11 12:19:00,0,0.0,False,0.5004429502975194,0.0
2025-08-11 12:20:00,0,0.0,False,0.5004429502975194,0.0
2025-08-11 12:21:00,0,0.0,False,0.5004429502975194,0.0
2025-08-11 12:22:00,0,0.0,False,0.5004429502975194,0.0
2025-08-11 12:23:00,0,0.0,False,0.5004429502975194,0.0
2025-08-11 12:24:00,0,0.0,False,0.5004429502975194,0.0
2025-08-11 12:25:00,0,0.0,False,0.5004429502975194,0.0
2025-08-11 12:26:00,0,0.0,False,0.5004429502975194,0.0
2025-08-11 12:27:00,0,0.0,False,0.5004429502975194,0.0
2025-08-11 12:28:00,0,0.0,False,0.5004429502975194,0.0
2025-08-11 12:29:00,0,0.0,False,0.5004429502975194,0.0
2025-08-11 12:30:00,0,0.0,False,0.5004429502975194,0.0
2025-08-11 12:31:00,0,0.0,False,0.5004429502975194,0.0
2025-08-11 12:32:00,0,0.0,False,0.5004429502975194,0.0
2025-08-11 12:33:00,0,0.0,False,0.5004429502975194,0.0
2025-08-11 12:34:00,0,0.0,False,0.5004429502975194,0.0
2025-08-11 12:35:00,0,0.0,False,0.5004429502975194,0.0
2025-08-11 12:36:00,0,0.0,False,0.5004429502975194,0.0
2025-08-11 12:37:00,0,0.0,False,0.5004429502975194,0.0
2025-08-11 12:38:00,0,0.0,False,0.5004429502975194,0.0
2025-08-11 12:39:00,0,0.0,False,0.5004429502975194,0.0
2025-08-11 12:40:00,0,0.0,False,0.5004429502975194,0.0
2025-08-11 12:41:00,0,0.0,False,0.5004429502975194,0.0
2025-08-11 12:42:00,0,0.0,False,0.5004429502975194,0.0
2025-08-11 12:43:00,0,0.0,False,0.5004429502975194,0.0
2025-08-11 12:44:00,0,0.0,False,0.5004429502975194,0.0
2025-08-11 12:45:00,0,0.0,False,0.5004429502975194,0.0
2025-08-11 12:46:00,0,0.0,False,0.5004429502975194,0.0
2025-08-11 12:47:00,0,0.0,False,0.5004429502975194,0.0
2025-08-11 12:48:00,0,0.0,False,0.5004429502975194,0.0
2025-08-11 12:49:00,0,0.0,False,0.5004429502975194,0.0
2025-08-11 12:50:00,0,0.0,False,0.5004429502975194,0.0
2025-08-11 12:51:00,0,0.0,False,0.5004429502975194,0.0
2025-08-11 12:52:00,0,0.0,False,0.5004429502975194,0.0
2025-08-11 12:53:00,0,0.0,False,0.5004429502975194,0.0
2025-08-11 12:54:00,0,0.0,False,0.5004429502975194,0.0
2025-08-11 12:55:00,0,0.0,False,0.5004429502975194,0.0
2025-08-11 12:56:00,0,0.0,False,0.5004429502975194,0.0
2025-08-11 12:57:00,0,0.0,False,0.5004429502975194,0.0
2025-08-11 12:58:00,0,0.0,False,0.5004429502975194,0.0
2025-08-11 12:59:00,0,0.0,False,0.5004429502975194,0.0
2025-08-11 13:00:00,0,0.0,False,0.5004429502975194,0.0
2025-08-11 13:01:00,0,0.0,False,0.5004429502975194,0.0
2025-08-11 13:02:00,0,0.0,False,0.5004429502975194,0.0
2025-08-11 13:03:00,0,0.0,False,0.5004429502975194,0.0
2025-08-11 13:04:00,0,0.0,False,0.5004429502975194,0.0
2025-08-11 13:05:00,5,0.0017900413524737,False,0.5022329916499931,0.5
2025-08-11 13:06:00,23,0.0081901192507977,False,0.5104231109007908,2.8
2025-08-11 13:07:00,3,0.0009884835210337,False,0.5114115944218245,3.1
2025-08-11 13:08:00,17,0.0019721854718147,False,0.5133837798936391,4.8
2025-08-11 13:09:00,33,0.0178749885890355,False,0.5312587684826746,8.1
2025-08-11 13:10:00,11,0.0037246108069313,False,0.5349833792896059,9.2
2025-08-11 13:11:00,32,0.0139332473344428,False,0.5489166266240487,12.4
2025-08-11 13:12:00,7,0.0034652380420593,False,0.5523818646661081,13.1
2025-08-11 13:13:00,26,0.0119923141527512,False,0.5643741788188592,15.7
2025-08-11 13:14:00,48,0.0133050494150267,False,0.577679228233886,20.5
2025-08-11 13:15:00,17,0.0051265752459964,False,0.5828058034798823,21.7
2025-08-11 13:16:00,38,0.0104510626476645,False,0.5932568661275468,23.2
2025-08-11 13:17:00,11,0.0042775049181543,False,0.5975343710457011,24.0
2025-08-11 13:18:00,41,0.009214201147542,False,0.6067485721932431,26.4
2025-08-11 13:19:00,67,0.0285483649861349,False,0.635296937179378,29.8
2025-08-11 13:20:00,78,0.046554175679833,False,0.681851112859211,36.5
2025-08-11 13:21:00,40,0.0384015912860971,False,0.7202527041453081,37.3
2025-08-11 13:22:00,43,0.0082512640502147,False,0.7285039681955228,40.9
2025-08-11 13:23:00,18,0.0041614341900168,False,0.7326654023855396,40.1
2025-08-11 13:24:00,24,0.0065644506411109,False,0.7392298530266505,37.7
2025-08-11 13:25:00,15,0.010087374611325,False,0.7493172276379755,37.5
2025-08-11 13:26:00,34,0.0257219880613138,False,0.7750392156992892,37.1
2025-08-11 13:27:00,9,0.0010233936499344,False,0.7760626093492237,36.9
2025-08-11 13:28:00,11,0.002602416747452,False,0.7786650260966756,33.9
2025-08-11 13:29:00,24,0.004879873661572,False,0.7835448997582477,29.6
2025-08-11 13:30:00,67,0.046678944958811,False,0.8302238447170587,28.5
2025-08-11 13:31:00,46,0.0313944795200783,False,0.861618324237137,29.1
2025-08-11 13:32:00,37,0.0220722782254436,False,0.8836906024625806,28.5
2025-08-11 13:33:00,30,0.0118183568282751,False,0.8955089592908557,29.7
2025-08-11 13:34:00,134,0.0358083812776465,False,0.9313173405685022,40.7
2025-08-11 13:35:00,19,0.0039314222771556,False,0.9352487628456578,41.1
2025-08-11 13:36:00,45,0.0415148548609385,False,0.9767636177065964,42.2
2025-08-11 13:37:00,7,0.0025974375256442,False,0.9793610552322406,42.0
2025-08-11 13:38:00,0,0.0,False,0.9793610552322406,40.9
2025-08-11 13:39:00,0,0.0,False,0.9793610552322406,38.5
2025-08-11 13:40:00,0,0.0,False,0.9793610552322406,31.8
2025-08-11 13:41:00,0,0.0,False,0.9793610552322406,27.2
2025-08-11 13:42:00,0,0.0,False,0.9793610552322406,23.5
2025-08-11 13:43:00,0,0.0,False,0.9793610552322406,20.5
2025-08-11 13:44:00,0,0.0,False,0.9793610552322406,7.1
2025-08-11 13:45:00,32,0.0265635474980023,False,1.0059246027302429,8.4
2025-08-11 13:46:00,78,0.0287581275206168,False,1.0346827302508597,11.7
2025-08-11 13:47:00,59,0.037028342505929,False,1.0717110727567887,16.9
2025-08-11 13:48:00,77,0.0447066685143056,False,1.1164177412710943,24.6
2025-08-11 13:49:00,69,0.0495785336460978,False,1.1659962749171922,31.5
2025-08-11 13:50:00,14,0.0037256182298555,False,1.1697218931470477,32.9
2025-08-11 13:51:00,43,0.01596718045801,False,1.1856890736050576,37.2
2025-08-11 13:52:00,11,0.0024330930432107,False,1.1881221666482682,38.3
2025-08-11 13:53:00,66,0.0417681641806204,False,1.2298903308288887,44.9
2025-08-11 13:54:00,52,0.0619105663688961,False,1.2918008971977848,50.1
2025-08-11 13:55:00,25,0.013403929691135,False,1.3052048268889198,49.4
2025-08-11 13:56:00,14,0.0031128066769501,False,1.30831763356587,43.0
2025-08-11 13:57:00,24,0.0050158154890148,False,1.3133334490548847,39.5
2025-08-11 13:58:00,45,0.0346325402916434,False,1.3479659893465281,36.3
2025-08-11 13:59:00,114,0.0342213050246283,False,1.3821872943711564,40.8
2025-08-11 14:00:00,26,0.0033575243072806,False,1.385544818678437,42.0
2025-08-11 14:01:00,0,0.0,False,1.385544818678437,37.7
2025-08-11 14:02:00,0,0.0,False,1.385544818678437,36.6
2025-08-11 14:03:00,0,0.0,False,1.385544818678437,30.0
2025-08-11 14:04:00,130,0.0922045552550384,False,1.4777493739334753,37.8
2025-08-11 14:05:00,165,0.099852265527416,False,1.5776016394608914,51.8
2025-08-11 14:06:00,114,0.0432441524436433,False,1.6208457919045347,61.8
2025-08-11 14:07:00,120,0.0178294995041596,False,1.6386752914086944,71.4
2025-08-11 14:08:00,145,0.0616488587363685,False,1.700324150145063,81.4
2025-08-11 14:09:00,169,0.0672898505035362,False,1.7676140006485992,86.9
2025-08-11 14:10:00,63,0.0241398501354026,False,1.7917538507840018,90.6
2025-08-11 14:11:00,71,0.0251924787853485,False,1.8169463295693504,97.7
2025-08-11 14:12:00,131,0.0902017147133367,False,1.9071480442826871,110.8
2025-08-11 14:13:00,149,0.0558768109692867,False,1.9630248552519738,125.7
2025-08-11 14:14:00,161,0.0835977662795621,False,2.0466226215315357,128.8
2025-08-11 14:15:00,65,0.0225824510517309,False,2.0692050725832667,118.8
2025-08-11 14:16:00,145,0.0973137190310843,False,2.166518791614351,121.9
2025-08-11 14:17:00,197,0.1686527005922668,False,2.3351714922066176,129.6
2025-08-11 14:18:00,56,0.0155560339111972,False,2.3507275261178147,120.7
2025-08-11 14:19:00,85,0.028574258501109,False,2.3793017846189235,112.3
2025-08-11 14:20:00,73,0.0302012612330697,False,2.4095030458519933,113.3
2025-08-11 14:21:00,46,0.0120278908143999,False,2.421530936666393,110.8
2025-08-11 14:22:00,97,0.0501181504117217,False,2.4716490870781147,107.4
2025-08-11 14:23:00,33,0.0124912022628241,False,2.484140289340939,95.8
2025-08-11 14:24:00,71,0.0190439856093502,False,2.503184274950289,86.8
2025-08-11 14:25:00,29,0.0116035691283394,False,2.5147878440786284,83.2
2025-08-11 14:26:00,41,0.0119686882777896,False,2.526756532356418,72.8
2025-08-11 14:27:00,475,0.6188502964826805,False,3.1456068288390986,100.6
2025-08-11 14:28:00,195,0.0757441354703803,False,3.221350964309479,114.5
2025-08-11 14:29:00,142,0.0299150822225206,False,3.251266046532,120.2
2025-08-11 14:30:00,79,0.025995390586705,False,3.277261437118705,120.8
2025-08-11 14:31:00,61,0.0721796652140827,False,3.3494411023327877,122.3
2025-08-11 14:32:00,41,0.0148707595444887,False,3.3643118618772765,116.7
2025-08-11 14:33:00,79,0.0503294544056981,False,3.4146413162829745,121.3
2025-08-11 14:34:00,54,0.0662139697562587,False,3.480855286039233,119.6
2025-08-11 14:35:00,50,0.0503983154816888,False,3.531253601520922,121.7
2025-08-11 14:36:00,44,0.0166343446532355,False,3.5478879461741575,122.0
2025-08-11 14:37:00,108,0.1019384877573119,False,3.6498264339314694,85.3
2025-08-11 14:38:00,104,0.06892576724983,False,3.7187522011812995,76.2
2025-08-11 14:39:00,133,0.1364418565068454,False,3.855194057688145,75.3
2025-08-11 14:40:00,40,0.007142269326792,False,3.862336327014937,71.4
2025-08-11 14:41:00,95,0.0383860197345709,False,3.900722346749508,74.8
2025-08-11 14:42:00,49,0.0287804603941213,False,3.929502807143629,75.6
2025-08-11 14:43:00,55,0.0183855784016381,False,3.947888385545267,73.2
2025-08-11 14:44:00,80,0.0710892827186772,False,4.018977668263944,75.8
2025-08-11 14:45:00,47,0.0324838929584121,False,4.051461561222356,75.5
2025-08-11 14:46:00,93,0.1499761412349064,False,4.2014377024572624,80.4
2025-08-11 14:47:00,72,0.0307927587618683,False,4.232230461219131,76.8
2025-08-11 14:48:00,62,0.0623805008802228,False,4.294610962099354,72.6
2025-08-11 14:49:00,48,0.0795114309217935,False,4.374122393021147,64.1
2025-08-11 14:50:00,26,0.0220963587896126,False,4.39621875181076,62.7
2025-08-11 14:51:00,50,0.0710461822552161,False,4.467264934065976,58.2
2025-08-11 14:52:00,104,0.1019877667368107,False,4.569252700802786,63.7
2025-08-11 14:53:00,79,0.0388506104094629,False,4.608103311212249,66.1
2025-08-11 14:54:00,244,0.1132597153133169,False,4.721363026525566,82.5
2025-08-11 14:55:00,106,0.0550226342901853,False,4.776385660815751,88.4
2025-08-11 14:56:00,67,0.0702810931727015,False,4.846666753988452,85.8
2025-08-11 14:57:00,43,0.0861509859814974,False,4.932817739969949,82.9
2025-08-11 14:58:00,35,0.040724338111685,False,4.973542078081635,80.2
2025-08-11 14:59:00,30,0.0091987193849906,False,4.982740797466625,78.4
2025-08-11 15:00:00,58,0.0338905639928002,False,5.016631361459425,81.6
2025-08-11 15:01:00,0,0.0,False,5.016631361459425,76.6
2025-08-11 15:02:00,0,0.0,False,5.016631361459425,66.2
2025-08-11 15:03:00,0,0.0,False,5.016631361459425,58.3
2025-08-11 15:04:00,0,0.0,False,5.016631361459425,33.9
2025-08-11 15:05:00,31,0.0093101708655087,False,5.025941532324934,26.4
2025-08-11 15:06:00,118,0.2833763908228723,False,5.309317923147806,31.5
2025-08-11 15:07:00,27,0.0049099224676496,False,5.314227845615456,29.9
2025-08-11 15:08:00,0,0.0,False,5.314227845615456,26.4
2025-08-11 15:09:00,0,0.0,False,5.314227845615456,23.4
2025-08-11 15:10:00,0,0.0,False,5.314227845615456,17.6
2025-08-11 15:11:00,0,0.0,False,5.314227845615456,17.6
2025-08-11 15:12:00,0,0.0,False,5.314227845615456,17.6
2025-08-11 15:13:00,0,0.0,False,5.314227845615456,17.6
2025-08-11 15:14:00,0,0.0,False,5.314227845615456,17.6
2025-08-11 15:15:00,52,0.0426523589029818,False,5.356880204518437,19.7
2025-08-11 15:16:00,45,0.0379355791968761,False,5.3948157837153135,12.4
2025-08-11 15:17:00,30,0.0114909049648219,False,5.406306688680135,12.7
2025-08-11 15:18:00,42,0.0168499217742752,False,5.42315661045441,16.9
2025-08-11 15:19:00,25,0.0178019713124628,False,5.440958581766873,19.4
2025-08-11 15:20:00,54,0.0352943934272708,False,5.476252975194144,24.8
2025-08-11 15:21:00,46,0.016617152253943,False,5.492870127448087,29.4
2025-08-11 15:22:00,116,0.0803352002995695,False,5.573205327747656,41.0
2025-08-11 15:23:00,87,0.0477607382602884,False,5.620966066007945,49.7
2025-08-11 15:24:00,9,0.0013369327452963,False,5.622302998753241,50.6
2025-08-11 15:25:00,100,0.0551399674933089,False,5.67744296624655,55.4
2025-08-11 15:26:00,0,0.0,False,5.67744296624655,50.9
2025-08-11 15:27:00,0,0.0,False,5.67744296624655,47.9
2025-08-11 15:28:00,11,0.0185136099470875,False,5.6959565761936375,44.8
2025-08-11 15:29:00,65,0.0232408251238155,False,5.719197401317453,48.8
2025-08-11 15:30:00,59,0.0368027404169555,False,5.756000141734408,49.3
2025-08-11 15:31:00,31,0.0148553245336348,False,5.770855466268043,47.8
2025-08-11 15:32:00,34,0.0142776963452891,False,5.785133162613332,39.6
2025-08-11 15:33:00,36,0.011240325942938,False,5.79637348855627,34.5
2025-08-11 15:34:00,31,0.0105157599859491,False,5.806889248542219,36.7
2025-08-11 15:35:00,64,0.0495750311452405,False,5.856464279687459,33.1
2025-08-11 15:36:00,51,0.042057612501174,False,5.898521892188633,38.2
2025-08-11 15:37:00,44,0.0228706717536054,False,5.921392563942239,42.6
2025-08-11 15:38:00,48,0.0268675087011035,False,5.948260072643342,46.3
2025-08-11 15:39:00,43,0.0249183310808667,False,5.973178403724209,44.1
2025-08-11 15:40:00,48,0.0261961731960994,False,5.999374576920308,43.0
2025-08-11 15:41:00,68,0.0314469599987127,False,6.030821536919021,46.7
2025-08-11 15:42:00,81,0.0325424497257835,False,6.063363986644804,51.4
2025-08-11 15:43:00,46,0.0239317054116315,False,6.087295692056435,52.4
2025-08-11 15:44:00,18,0.0050473002722706,False,6.092342992328706,51.1
2025-08-11 15:45:00,0,0.0,False,6.092342992328706,44.7
2025-08-11 15:46:00,0,0.0,False,6.092342992328706,39.6
2025-08-11 15:47:00,0,0.0,False,6.092342992328706,35.2
2025-08-11 15:48:00,0,0.0,False,6.092342992328706,30.4
2025-08-11 15:49:00,0,0.0,False,6.092342992328706,26.1
2025-08-11 15:50:00,0,0.0,False,6.092342992328706,21.3
2025-08-11 15:51:00,0,0.0,False,6.092342992328706,14.5
2025-08-11 15:52:00,0,0.0,False,6.092342992328706,6.4
2025-08-11 15:53:00,0,0.0,False,6.092342992328706,1.8
2025-08-11 15:54:00,0,0.0,False,6.092342992328706,0.0
2025-08-11 15:55:00,0,0.0,False,6.092342992328706,0.0
2025-08-11 15:56:00,0,0.0,False,6.092342992328706,0.0
2025-08-11 15:57:00,0,0.0,False,6.092342992328706,0.0
2025-08-11 15:58:00,0,0.0,False,6.092342992328706,0.0
2025-08-11 15:59:00,0,0.0,False,6.092342992328706,0.0
2025-08-11 16:00:00,0,0.0,False,6.092342992328706,0.0
2025-08-11 16:01:00,0,0.0,False,6.092342992328706,0.0
2025-08-11 16:02:00,0,0.0,False,6.092342992328706,0.0
2025-08-11 16:03:00,0,0.0,False,6.092342992328706,0.0
2025-08-11 16:04:00,0,0.0,False,6.092342992328706,0.0
2025-08-11 16:05:00,23,0.0053346799581527,False,6.097677672286858,2.3
2025-08-11 16:06:00,106,0.0437578585448595,False,6.141435530831718,12.9
2025-08-11 16:07:00,52,0.0739026799838555,False,6.215338210815573,18.1
2025-08-11 16:08:00,27,0.0087800853770063,False,6.22411829619258,20.8
2025-08-11 16:09:00,70,0.0281413742691693,False,6.252259670461749,27.8
2025-08-11 16:10:00,182,0.0865926327518476,False,6.338852303213597,46.0
2025-08-11 16:11:00,194,0.1327525495529033,False,6.4716048527665,65.4
2025-08-11 16:12:00,67,0.0306125521361375,False,6.5022174049026376,72.1
2025-08-11 16:13:00,50,0.0209169797981524,False,6.52313438470079,77.1
2025-08-11 16:14:00,161,0.0860207294091447,False,6.609155114109935,93.2
2025-08-11 16:15:00,66,0.0257743462738106,False,6.634929460383746,97.5
2025-08-11 16:16:00,50,0.0192703375190765,False,6.654199797902822,91.9
2025-08-11 16:17:00,0,0.0,False,6.654199797902822,86.7
2025-08-11 16:18:00,42,0.0108189500944355,False,6.665018747997258,88.2
2025-08-11 16:19:00,37,0.0585806140363536,False,6.723599362033611,84.9
2025-08-11 16:20:00,33,0.0180420566572494,False,6.74164141869086,70.0
2025-08-11 16:21:00,53,0.0272044097592125,False,6.768845828450073,55.9
2025-08-11 16:22:00,91,0.042798109355921,False,6.811643937805994,58.3
2025-08-11 16:23:00,120,0.0770585688192609,False,6.888702506625255,65.3
2025-08-11 16:24:00,127,0.0897970287905178,False,6.978499535415772,61.9
2025-08-11 16:25:00,68,0.0397672972325226,False,7.018266832648295,62.1
2025-08-11 16:26:00,90,0.034955406573858,False,7.053222239222153,66.1
2025-08-11 16:27:00,61,0.0209942641212478,False,7.074216503343401,72.2
2025-08-11 16:28:00,33,0.0075036328258142,False,7.081720136169214,71.3
2025-08-11 16:29:00,79,0.0303180175949987,False,7.112038153764213,75.5
2025-08-11 16:30:00,98,0.0475584023993765,False,7.1595965561635895,82.0
2025-08-11 16:31:00,102,0.069256236393755,False,7.228852792557344,86.9
2025-08-11 16:32:00,97,0.051016888603086,False,7.27986968116043,87.5
2025-08-11 16:33:00,49,0.0344925232311491,False,7.314362204391579,80.4
2025-08-11 16:34:00,116,0.062558624021508,False,7.376920828413088,79.3
2025-08-11 16:35:00,128,0.082944522664577,False,7.4598653510776645,85.3
2025-08-11 16:36:00,35,0.0124395555597822,False,7.472304906637446,79.8
2025-08-11 16:37:00,56,0.0311383123113938,False,7.50344321894884,79.3
2025-08-11 16:38:00,30,0.010444735387911,False,7.513887954336751,79.0
2025-08-11 16:39:00,85,0.1372254082309575,False,7.651113362567709,79.6
2025-08-11 16:40:00,23,0.0147945631790844,False,7.665907925746793,72.1
2025-08-11 16:41:00,0,0.0,False,7.665907925746793,61.9
2025-08-11 16:42:00,0,0.0,False,7.665907925746793,52.2
2025-08-11 16:43:00,0,0.0,False,7.665907925746793,47.3
2025-08-11 16:44:00,0,0.0,False,7.665907925746793,35.7
2025-08-11 16:45:00,0,0.0,False,7.665907925746793,22.9
2025-08-11 16:46:00,0,0.0,False,7.665907925746793,19.4
2025-08-11 16:47:00,0,0.0,False,7.665907925746793,13.8
2025-08-11 16:48:00,0,0.0,False,7.665907925746793,10.8
2025-08-11 16:49:00,28,0.0205927049321863,False,7.686500630678979,5.1
2025-08-11 16:50:00,143,0.1152241411782449,False,7.801724771857224,17.1
2025-08-11 16:51:00,188,0.1632001766571344,False,7.964924948514358,35.9
2025-08-11 16:52:00,170,0.0674484830711179,False,8.032373431585475,52.9
2025-08-11 16:53:00,70,0.0219024364618067,False,8.05427586804728,59.9
2025-08-11 16:54:00,124,0.0303326527131695,False,8.084608520760451,72.3
2025-08-11 16:55:00,176,0.1564224285809938,False,8.241030949341445,89.9
2025-08-11 16:56:00,157,0.23893512433474,False,8.479966073676184,105.6
2025-08-11 16:57:00,124,0.1080520966242527,False,8.588018170300437,118.0
2025-08-11 16:58:00,246,0.1967066037831246,False,8.78472477408356,142.6
2025-08-11 16:59:00,38,0.0340031479398161,False,8.818727922023376,143.6
2025-08-11 17:00:00,0,0.0,False,8.818727922023376,129.3
2025-08-11 17:01:00,0,0.0,False,8.818727922023376,110.5
2025-08-11 17:02:00,0,0.0,False,8.818727922023376,93.5
2025-08-11 17:03:00,0,0.0,False,8.818727922023376,86.5
2025-08-11 17:04:00,179,0.3308631009343173,False,9.149591022957694,92.0
2025-08-11 17:05:00,257,0.3535430778611197,False,9.503134100818814,100.1
2025-08-11 17:06:00,185,0.1371326059123952,False,9.64026670673121,102.9
2025-08-11 17:07:00,138,0.232750171378937,False,9.873016878110146,104.3
2025-08-11 17:08:00,490,1.1697189902047165,False,11.042735868314862,128.7
2025-08-11 17:09:00,573,1.6249764560064233,False,12.667712324321286,182.2
2025-08-11 17:10:00,134,0.1045377784049103,False,12.772250102726197,195.6
2025-08-11 17:11:00,71,0.0528955654828831,False,12.82514566820908,202.7
2025-08-11 17:12:00,229,0.3651533178297333,False,13.190298986038814,225.6
2025-08-11 17:13:00,256,0.4101577162084304,False,13.600456702247245,251.2
2025-08-11 17:14:00,134,0.0683997384488371,False,13.668856440696082,246.7
2025-08-11 17:15:00,235,0.2642344777399788,False,13.933090918436061,244.5
2025-08-11 17:16:00,277,0.2492729956614532,False,14.182363914097515,253.7
2025-08-11 17:17:00,173,0.1125364687676754,False,14.29490038286519,257.2
2025-08-11 17:18:00,268,0.2340926292417994,False,14.528993012106989,235.0
2025-08-11 17:19:00,249,0.3698685045706585,False,14.898861516677648,202.6
2025-08-11 17:20:00,70,0.09298045387045,False,14.991841970548098,196.2
2025-08-11 17:21:00,42,0.0074722240734842,False,14.999314194621583,193.3
2025-08-11 17:22:00,40,0.02571151451462,False,15.025025709136203,174.4
2025-08-11 17:23:00,38,0.0192075033907695,False,15.044233212526972,152.6
2025-08-11 17:24:00,53,0.0472941553867158,False,15.091527367913688,144.5
2025-08-11 17:25:00,29,0.0115710508412935,False,15.103098418754982,123.9
2025-08-11 17:26:00,30,0.0114019061882281,False,15.11450032494321,99.2
2025-08-11 17:27:00,62,0.0597447637577521,False,15.174245088700962,88.1
2025-08-11 17:28:00,64,0.039175559696156,False,15.213420648397118,67.7
2025-08-11 17:29:00,38,0.0112851201355358,False,15.224705768532655,46.6
2025-08-11 17:30:00,97,0.0365464673513609,False,15.261252235884015,49.3
2025-08-11 17:31:00,20,0.0115952932985248,False,15.27284752918254,47.1
2025-08-11 17:32:00,39,0.010288605325015,False,15.283136134507554,47.0
2025-08-11 17:33:00,61,0.0254019620418141,False,15.308538096549368,49.3
2025-08-11 17:34:00,3,0.0003487511242105,False,15.308886847673579,44.3
2025-08-11 17:35:00,31,0.009084736897121,False,15.3179715845707,44.5
2025-08-11 17:36:00,140,0.1246465538168626,False,15.442618138387562,55.5
2025-08-11 17:37:00,97,0.0523258918270077,False,15.49494403021457,59.0
2025-08-11 17:38:00,45,0.0092506741557391,False,15.50419470437031,57.1
2025-08-11 17:39:00,61,0.0475030221117886,False,15.551697726482098,59.4
2025-08-11 17:40:00,69,0.0263415456584692,False,15.578039272140568,56.6
2025-08-11 17:41:00,83,0.0397847372819872,False,15.617824009422556,62.9
2025-08-11 17:42:00,59,0.0914421811180431,False,15.7092661905406,64.9
2025-08-11 17:43:00,83,0.0579952357546123,False,15.767261426295212,67.1
2025-08-11 17:44:00,39,0.0258196937626226,False,15.793081120057835,70.7
2025-08-11 17:45:00,83,0.092342886200236,False,15.88542400625807,75.9
2025-08-11 17:46:00,20,0.0211698794621169,False,15.906593885720186,63.9
2025-08-11 17:47:00,19,0.0047960754805718,False,15.911389961200758,56.1
2025-08-11 17:48:00,75,0.0461908338862767,False,15.957580795087035,59.1
2025-08-11 17:49:00,77,0.0583520289188016,False,16.015932824005837,60.7
2025-08-11 17:50:00,46,0.0946862072302939,False,16.11061903123613,58.4
2025-08-11 17:51:00,21,0.0190282341874123,False,16.129647265423543,52.2
2025-08-11 17:52:00,57,0.0824660943852813,False,16.212113359808825,52.0
2025-08-11 17:53:00,58,0.1040923797469211,False,16.316205739555745,49.5
2025-08-11 17:54:00,26,0.0118727542238823,False,16.32807849377963,48.2
2025-08-11 17:55:00,99,0.1464120760399448,False,16.474490569819572,49.8
2025-08-11 17:56:00,105,0.0642004372212974,False,16.53869100704087,58.3
2025-08-11 17:57:00,59,0.0315530659573262,False,16.570244072998197,62.3
2025-08-11 17:58:00,85,0.0492074587577283,False,16.619451531755924,63.3
2025-08-11 17:59:00,107,0.1880615444085649,False,16.80751307616449,66.3
2025-08-11 18:00:00,0,0.0,False,16.80751307616449,61.7
2025-08-11 18:01:00,0,0.0,False,16.80751307616449,59.6
2025-08-11 18:02:00,0,0.0,False,16.80751307616449,53.9
2025-08-11 18:03:00,0,0.0,False,16.80751307616449,48.1
2025-08-11 18:04:00,0,0.0,False,16.80751307616449,45.5
2025-08-11 18:05:00,37,0.0129304566977597,False,16.82044353286225,39.3
2025-08-11 18:06:00,100,0.0678804989874633,False,16.888324031849713,38.8
2025-08-11 18:07:00,120,0.0735660876738561,False,16.96189011952357,44.9
2025-08-11 18:08:00,107,0.1368500917066335,False,17.098740211230204,47.1
2025-08-11 18:09:00,10,0.0043747230406444,False,17.10311493427085,37.4
2025-08-11 18:10:00,54,0.0282757035922586,False,17.131390637863106,42.8
2025-08-11 18:11:00,63,0.0163333076954598,False,17.147723945558567,49.1
2025-08-11 18:12:00,59,0.0379100267998728,False,17.185633972358442,55.0
2025-08-11 18:13:00,12,0.0056916776572799,False,17.19132565001572,56.2
2025-08-11 18:14:00,78,0.0322734037810505,False,17.22359905379677,64.0
2025-08-11 18:15:00,82,0.0373186819248765,False,17.260917735721648,68.5
2025-08-11 18:16:00,18,0.0090974257860652,False,17.270015161507715,60.3
2025-08-11 18:17:00,28,0.0239403574446532,False,17.29395551895237,51.1
2025-08-11 18:18:00,41,0.1093429352119625,False,17.403298454164332,44.5
2025-08-11 18:19:00,67,0.0923853181136904,False,17.495683772278024,50.2
2025-08-11 18:20:00,16,0.0065146269735466,False,17.502198399251572,46.4
2025-08-11 18:21:00,35,0.0385763516888577,False,17.54077475094043,43.6
2025-08-11 18:22:00,7,0.0144232579987516,False,17.55519800893918,38.4
2025-08-11 18:23:00,42,0.0224899868277604,False,17.57768799576694,41.4
2025-08-11 18:24:00,100,0.1034474701843259,False,17.681135465951265,43.6
2025-08-11 18:25:00,5,0.0008634290358483,False,17.681998894987114,35.9
2025-08-11 18:26:00,25,0.0089376737875856,False,17.6909365687747,36.6
2025-08-11 18:27:00,97,0.0406328630567792,False,17.731569431831478,43.5
2025-08-11 18:28:00,32,0.0456142063739946,False,17.77718363820547,42.6
2025-08-11 18:29:00,23,0.0108659200722264,False,17.7880495582777,38.2
2025-08-11 18:30:00,37,0.0199137943451109,False,17.80796335262281,40.3
2025-08-11 18:31:00,56,0.0207872229934825,False,17.828750575616294,42.4
2025-08-11 18:32:00,51,0.0390764942494707,False,17.867827069865765,46.8
2025-08-11 18:33:00,72,0.0408863498444679,False,17.90871341971023,49.8
2025-08-11 18:34:00,28,0.0233006571764107,False,17.93201407688664,42.6
2025-08-11 18:35:00,20,0.0039730277635131,False,17.935987104650156,44.1
2025-08-11 18:36:00,23,0.0064574822809045,False,17.94244458693106,43.9
2025-08-11 18:37:00,47,0.0131551355991561,False,17.955599722530216,38.9
2025-08-11 18:38:00,23,0.0040534457399944,False,17.95965316827021,38.0
2025-08-11 18:39:00,24,0.0091175506182788,False,17.96877071888849,38.1
2025-08-11 18:40:00,28,0.0097346604677993,False,17.97850537935629,37.2
2025-08-11 18:41:00,36,0.0148098503642157,False,17.993315229720505,35.2
2025-08-11 18:42:00,23,0.0138686461467973,False,18.0071838758673,32.4
2025-08-11 18:43:00,16,0.0022268333537655,False,18.00941070922107,26.8
2025-08-11 18:44:00,24,0.0041401301794533,False,18.013550839400523,26.4
2025-08-11 18:45:00,68,0.0419629639935958,False,18.055513803394117,31.2
2025-08-11 18:46:00,68,0.058222665531261,False,18.113736468925378,35.7
2025-08-11 18:47:00,25,0.0051942643889292,False,18.118930733314308,33.5
2025-08-11 18:48:00,44,0.0249936907328511,False,18.14392442404716,35.6
2025-08-11 18:49:00,49,0.0473235449614114,False,18.19124796900857,38.1
2025-08-11 18:50:00,45,0.1395053100767524,False,18.330753279085325,39.8
2025-08-11 18:51:00,31,0.0104341605221556,False,18.34118743960748,39.3
2025-08-11 18:52:00,1,7.081455141268438e-05,False,18.341258254158895,37.1
2025-08-11 18:53:00,61,0.1169548309997902,False,18.458213085158686,41.6
2025-08-11 18:54:00,101,0.1509311197107708,False,18.609144204869455,49.3
2025-08-11 18:55:00,19,0.0021859138130585,False,18.611330118682513,44.4
2025-08-11 18:56:00,65,0.0246892258417473,False,18.63601934452426,44.1
2025-08-11 18:57:00,81,0.0727030370767527,False,18.708722381601014,49.7
2025-08-11 18:58:00,79,0.0950894888546822,False,18.803811870455696,53.2
2025-08-11 18:59:00,32,0.0335792578248411,False,18.837391128280537,51.5
2025-08-11 19:00:00,34,0.0283098598440641,False,18.8657009881246,50.4
2025-08-11 19:01:00,178,0.1491981568452494,False,19.01489914496985,65.1
2025-08-11 19:02:00,144,0.1131182877585317,False,19.12801743272838,79.4
2025-08-11 19:03:00,109,0.1279992860763024,False,19.256016718804684,84.2
2025-08-11 19:04:00,40,0.0407098150573776,False,19.29672653386206,78.1
2025-08-11 19:05:00,98,0.1116012731448174,False,19.408327807006877,86.0
2025-08-11 19:06:00,164,0.2582307562828573,False,19.666558563289733,95.9
2025-08-11 19:07:00,68,0.0561271590100045,False,19.722685722299737,94.6
2025-08-11 19:08:00,119,0.2004624673204053,False,19.923148189620143,98.6
2025-08-11 19:09:00,189,0.3320850167926874,False,20.255233206412832,114.3
2025-08-11 19:10:00,52,0.090516106243332,False,20.345749312656164,116.1
2025-08-11 19:11:00,54,0.1065548679295208,False,20.452304180585685,103.7
2025-08-11 19:12:00,52,0.0158062157340678,False,20.46811039631975,94.5
2025-08-11 19:13:00,10,0.0096065662172641,False,20.477716962537016,84.6
2025-08-11 19:14:00,31,0.0091391126820334,False,20.48685607521905,83.7
2025-08-11 19:15:00,42,0.0128962015970397,False,20.49975227681609,78.1
2025-08-11 19:16:00,78,0.0165853619478509,False,20.51633763876394,69.5
2025-08-11 19:17:00,47,0.0274709075470601,False,20.543808546311,67.4
2025-08-11 19:18:00,4,0.0010096074518519,False,20.54481815376285,55.9
2025-08-11 19:19:00,15,0.0034933836015975,False,20.548311537364448,38.5
2025-08-11 19:20:00,99,0.0365356363492233,False,20.584847173713673,43.2
2025-08-11 19:21:00,54,0.0353516861265442,False,20.620198859840215,43.2
2025-08-11 19:22:00,59,0.0115784871698438,False,20.631777347010058,43.9
2025-08-11 19:23:00,151,0.0779286356767162,False,20.709705982686774,58.0
2025-08-11 19:24:00,4,0.001391592189931,False,20.711097574876707,55.3
2025-08-11 19:25:00,22,0.0077537164546904,False,20.718851291331397,53.3
2025-08-11 19:26:00,50,0.0529619850847686,False,20.771813276416164,50.5
2025-08-11 19:27:00,18,0.0632699545505526,False,20.835083230966717,47.6
2025-08-11 19:28:00,9,0.001170473567717,False,20.836253704534435,48.1
2025-08-11 19:29:00,3,0.0021104771080844,False,20.83836418164252,46.9
2025-08-11 19:30:00,7,0.0074824825769903,False,20.845846664219508,37.7
2025-08-11 19:31:00,21,0.0096732831325355,False,20.855519947352043,34.4
2025-08-11 19:32:00,21,0.0070016898458174,False,20.86252163719786,30.6
2025-08-11 19:33:00,29,0.0073406921867995,False,20.86986232938466,18.4
2025-08-11 19:34:00,57,0.0381346489132315,False,20.90799697829789,23.7
2025-08-11 19:35:00,53,0.0178627239140214,False,20.925859702211913,26.8
2025-08-11 19:36:00,9,0.0034304343341752,False,20.929290136546086,22.7
2025-08-11 19:37:00,15,0.0057345105923396,False,20.935024647138427,22.4
2025-08-11 19:38:00,5,0.0022848762956943,False,20.93730952343412,22.0
2025-08-11 19:39:00,1,0.0004443576073702,False,20.93775388104149,21.8
2025-08-11 19:40:00,61,0.0735955956907349,False,21.011349476732224,27.2
2025-08-11 19:41:00,23,0.0151216298450563,False,21.02647110657728,27.4
2025-08-11 19:42:00,30,0.0090708705591187,False,21.035541977136397,28.3
2025-08-11 19:43:00,32,0.0505621553137809,False,21.086104132450178,28.6
2025-08-11 19:44:00,10,0.0052497390996381,False,21.091353871549817,23.9
2025-08-11 19:45:00,70,0.0991207103614801,False,21.190474581911296,25.6
2025-08-11 19:46:00,89,0.0433269477952801,False,21.233801529706575,33.6
2025-08-11 19:47:00,19,0.0084812053497669,False,21.242282735056342,34.0
2025-08-11 19:48:00,45,0.0231537070348083,False,21.26543644209115,38.0
2025-08-11 19:49:00,67,0.0344572264238862,False,21.299893668515036,44.6
2025-08-11 19:50:00,74,0.0313507775081454,False,21.33124444602318,45.9
2025-08-11 19:51:00,114,0.1099875031194767,False,21.441231949142658,55.0
2025-08-11 19:52:00,82,0.0523831680584538,False,21.493615117201113,60.2
2025-08-11 19:53:00,103,0.0481733483355347,False,21.541788465536648,67.3
2025-08-11 19:54:00,96,0.2605606591963946,False,21.80234912473304,75.9
2025-08-11 19:55:00,129,0.0591590905311198,False,21.861508215264163,81.8
2025-08-11 19:56:00,72,0.0194247630823474,False,21.88093297834651,80.1
2025-08-11 19:57:00,17,0.0023069495833396,False,21.88323992792985,79.9
2025-08-11 19:58:00,34,0.0029846161092135,False,21.886224544039063,78.8
2025-08-11 19:59:00,37,0.0117023355655972,False,21.89792687960466,75.8
2025-08-11 20:00:00,70,0.1156882940654062,False,22.01361517367007,75.4
2025-08-11 20:01:00,24,0.0052555214890629,False,22.01887069515913,66.4
2025-08-11 20:02:00,52,0.0167695760594881,False,22.035640271218618,63.4
2025-08-11 20:03:00,22,0.0068687352092359,False,22.042509006427853,55.3
2025-08-11 20:04:00,11,0.0113338713902881,False,22.05384287781814,46.8
2025-08-11 20:05:00,17,0.0119155015421235,False,22.065758379360265,35.6
2025-08-11 20:06:00,19,0.0032180196773276,False,22.06897639903759,30.3
2025-08-11 20:07:00,4,0.0021777661936046,False,22.071154165231196,29.0
2025-08-11 20:08:00,18,0.0023764681864118,False,22.073530633417608,27.4
2025-08-11 20:09:00,6,0.0008378216221783,False,22.074368455039785,24.3
2025-08-11 20:10:00,40,0.0356978864735873,False,22.110066341513374,21.3
2025-08-11 20:11:00,33,0.0232563122778131,False,22.133322653791186,22.2
2025-08-11 20:12:00,40,0.0244426584958995,False,22.157765312287086,21.0
2025-08-11 20:13:00,31,0.0030622529030985,False,22.160827565190186,21.9
2025-08-11 20:14:00,28,0.0214638503792312,False,22.182291415569416,23.6
2025-08-11 20:15:00,36,0.0155240234689222,False,22.19781543903834,25.5
2025-08-11 20:16:00,54,0.0106672436014745,False,22.208482682639815,29.0
2025-08-11 20:17:00,38,0.0117537309878261,False,22.220236413627642,32.4
2025-08-11 20:18:00,30,0.0061017523568176,False,22.22633816598446,33.6
2025-08-11 20:19:00,31,0.0174553704358589,False,22.243793536420316,36.1
2025-08-11 20:20:00,27,0.00500927682178,False,22.248802813242097,34.8
2025-08-11 20:21:00,59,0.0141986044434599,False,22.263001417685558,37.4
2025-08-11 20:22:00,80,0.0317015455147413,False,22.2947029632003,41.4
2025-08-11 20:23:00,29,0.0105991087047771,False,22.30530207190508,41.2
2025-08-11 20:24:00,90,0.015966209890346,False,22.321268281795426,47.4
2025-08-11 20:25:00,46,0.0084666298335035,False,22.32973491162893,48.4
2025-08-11 20:26:00,80,0.0151260198341904,False,22.34486093146312,51.0
2025-08-11 20:27:00,12,0.0219413101026585,False,22.36680224156578,48.4
2025-08-11 20:28:00,45,0.1041089037030147,False,22.470911145268794,49.9
2025-08-11 20:29:00,58,0.1829877176056727,False,22.653898862874467,52.6
2025-08-11 20:30:00,0,0.0,False,22.653898862874467,49.9
