sensor_index,sensor_id,layout_channel,data_channel,segment_id,geometry_type,burial_depth_cm,x_cm,y_cm,z_cm,analysis_role
0,ch3324,3324,324,andring49,line,2.0,20.0,100.0,98.0,shallow_target_channel
1,ch3325,3325,325,andring49,line,2.0,20.0,80.0,98.0,shallow_target_channel
2,ch3326,3326,326,andring49,line,2.0,20.0,60.0,98.0,shallow_target_channel
3,ch3327,3327,327,andring49,line,2.0,20.0,40.0,98.0,shallow_target_channel
4,ch3328,3328,328,ring49,ring,2.0,20.0,20.0,98.0,shallow_target_channel
5,ch3329,3329,329,ring49,ring,2.0,20.0,20.0,98.0,shallow_target_channel
6,ch3330,3330,330,ring49,ring,2.0,20.0,20.0,98.0,shallow_target_channel
7,ch3331,3331,331,ring49,ring,2.0,20.0,20.0,98.0,shallow_target_channel
8,ch3332,3332,332,ring49,ring,2.0,20.0,20.0,98.0,shallow_target_channel
9,ch3333,3333,333,ring49,ring,2.0,20.0,20.0,98.0,shallow_target_channel
10,ch3334,3334,334,ring49,ring,2.0,20.0,20.0,98.0,shallow_target_channel
11,ch3335,3335,335,ring49,ring,2.0,20.0,20.0,98.0,shallow_target_channel
12,ch3336,3336,336,ring49,ring,2.0,20.0,20.0,98.0,shallow_target_channel
13,ch3337,3337,337,ring49,ring,2.0,20.0,20.0,98.0,shallow_target_channel
14,ch3338,3338,338,ring49,ring,2.0,20.0,20.0,98.0,shallow_target_channel
15,ch3339,3339,339,ring49,ring,2.0,20.0,20.0,98.0,shallow_target_channel
16,ch3340,3340,340,ring49andring50,line,2.0,40.0,20.0,98.0,shallow_target_channel
17,ch3341,3341,341,ring49andring50,line,2.0,40.0,40.0,98.0,shallow_target_channel
18,ch3342,3342,342,ring49andring50,line,2.0,40.0,60.0,98.0,shallow_target_channel
19,ch3343,3343,343,ring49andring50,line,2.0,40.0,80.0,98.0,shallow_target_channel
20,ch3344,3344,344,ring49andring50,line,2.0,40.0,100.0,98.0,shallow_target_channel
21,ch3345,3345,345,ring50,ring,2.0,40.0,120.0,98.0,shallow_target_channel
22,ch3346,3346,346,ring50,ring,2.0,40.0,120.0,98.0,shallow_target_channel
23,ch3347,3347,347,ring50,ring,2.0,40.0,120.0,98.0,shallow_target_channel
24,ch3348,3348,348,ring50,ring,2.0,40.0,120.0,98.0,shallow_target_channel
25,ch3349,3349,349,ring50,ring,2.0,40.0,120.0,98.0,shallow_target_channel
26,ch3350,3350,350,ring50,ring,2.0,40.0,120.0,98.0,shallow_target_channel
27,ch3351,3351,351,ring50,ring,2.0,40.0,120.0,98.0,shallow_target_channel
28,ch3352,3352,352,ring50,ring,2.0,40.0,120.0,98.0,shallow_target_channel
29,ch3353,3353,353,ring50,ring,2.0,40.0,120.0,98.0,shallow_target_channel
30,ch3354,3354,354,ring50,ring,2.0,40.0,120.0,98.0,shallow_target_channel
31,ch3355,3355,355,ring50,ring,2.0,40.0,120.0,98.0,shallow_target_channel
32,ch3356,3356,356,ring50,ring,2.0,40.0,120.0,98.0,shallow_target_channel
33,ch3357,3357,357,ring50andring51,line,2.0,60.0,120.0,98.0,shallow_target_channel
34,ch3358,3358,358,ring50andring51,line,2.0,60.0,100.0,98.0,shallow_target_channel
35,ch3359,3359,359,ring50andring51,line,2.0,60.0,80.0,98.0,shallow_target_channel
36,ch3360,3360,360,ring50andring51,line,2.0,60.0,60.0,98.0,shallow_target_channel
37,ch3361,3361,361,ring50andring51,line,2.0,60.0,40.0,98.0,shallow_target_channel
38,ch3362,3362,362,ring51,ring,2.0,60.0,20.0,98.0,shallow_target_channel
39,ch3363,3363,363,ring51,ring,2.0,60.0,20.0,98.0,shallow_target_channel
40,ch3364,3364,364,ring51,ring,2.0,60.0,20.0,98.0,shallow_target_channel
41,ch3365,3365,365,ring51,ring,2.0,60.0,20.0,98.0,shallow_target_channel
42,ch3366,3366,366,ring51,ring,2.0,60.0,20.0,98.0,shallow_target_channel
43,ch3367,3367,367,ring51,ring,2.0,60.0,20.0,98.0,shallow_target_channel
44,ch3368,3368,368,ring51,ring,2.0,60.0,20.0,98.0,shallow_target_channel
45,ch3369,3369,369,ring51,ring,2.0,60.0,20.0,98.0,shallow_target_channel
46,ch3370,3370,370,ring51,ring,2.0,60.0,20.0,98.0,shallow_target_channel
47,ch3371,3371,371,ring51,ring,2.0,60.0,20.0,98.0,shallow_target_channel
48,ch3372,3372,372,ring51,ring,2.0,60.0,20.0,98.0,shallow_target_channel
49,ch3373,3373,373,ring51,ring,2.0,60.0,20.0,98.0,shallow_target_channel
50,ch3374,3374,374,ring51andring52,line,2.0,80.0,20.0,98.0,shallow_target_channel
51,ch3375,3375,375,ring51andring52,line,2.0,80.0,40.0,98.0,shallow_target_channel
52,ch3376,3376,376,ring51andring52,line,2.0,80.0,60.0,98.0,shallow_target_channel
53,ch3377,3377,377,ring51andring52,line,2.0,80.0,80.0,98.0,shallow_target_channel
54,ch3378,3378,378,ring51andring52,line,2.0,80.0,100.0,98.0,shallow_target_channel
55,ch3379,3379,379,ring52,ring,2.0,80.0,120.0,98.0,shallow_target_channel
56,ch3380,3380,380,ring52,ring,2.0,80.0,120.0,98.0,shallow_target_channel
57,ch3381,3381,381,ring52,ring,2.0,80.0,120.0,98.0,shallow_target_channel
58,ch3382,3382,382,ring52,ring,2.0,80.0,120.0,98.0,shallow_target_channel
59,ch3383,3383,383,ring52,ring,2.0,80.0,120.0,98.0,shallow_target_channel
60,ch3384,3384,384,ring52,ring,2.0,80.0,120.0,98.0,shallow_target_channel
61,ch3385,3385,385,ring52,ring,2.0,80.0,120.0,98.0,shallow_target_channel
62,ch3386,3386,386,ring52,ring,2.0,80.0,120.0,98.0,shallow_target_channel
63,ch3387,3387,387,ring52,ring,2.0,80.0,120.0,98.0,shallow_target_channel
64,ch3388,3388,388,ring52,ring,2.0,80.0,120.0,98.0,shallow_target_channel
65,ch3389,3389,389,ring52,ring,2.0,80.0,120.0,98.0,shallow_target_channel
66,ch3390,3390,390,ring52,ring,2.0,80.0,120.0,98.0,shallow_target_channel
67,ch3391,3391,391,ring52andring53,line,2.0,89.0,120.0,98.0,shallow_target_channel
68,ch3392,3392,392,ring52andring53,line,2.0,89.0,100.0,98.0,shallow_target_channel
69,ch3393,3393,393,ring52andring53,line,2.0,88.0,80.0,98.0,shallow_target_channel
70,ch3394,3394,394,ring52andring53,line,2.0,87.0,60.0,98.0,shallow_target_channel
71,ch3395,3395,395,ring52andring53,line,2.0,86.0,40.0,98.0,shallow_target_channel
72,ch3396,3396,396,ring53,ring,2.0,85.0,20.0,98.0,shallow_target_channel
73,ch3397,3397,397,ring53,ring,2.0,85.0,20.0,98.0,shallow_target_channel
74,ch3398,3398,398,ring53,ring,2.0,85.0,20.0,98.0,shallow_target_channel
75,ch3399,3399,399,ring53,ring,2.0,85.0,20.0,98.0,shallow_target_channel
76,ch3400,3400,400,ring53,ring,2.0,85.0,20.0,98.0,shallow_target_channel
77,ch3401,3401,401,ring53,ring,2.0,85.0,20.0,98.0,shallow_target_channel
78,ch3402,3402,402,ring53,ring,2.0,85.0,20.0,98.0,shallow_target_channel
79,ch3403,3403,403,ring53,ring,2.0,85.0,20.0,98.0,shallow_target_channel
80,ch3404,3404,404,ring53,ring,2.0,85.0,20.0,98.0,shallow_target_channel
81,ch3405,3405,405,ring53,ring,2.0,85.0,20.0,98.0,shallow_target_channel
82,ch3406,3406,406,ring53,ring,2.0,85.0,20.0,98.0,shallow_target_channel
83,ch3407,3407,407,ring53,ring,2.0,85.0,20.0,98.0,shallow_target_channel
84,ch3408,3408,408,ring53andring54,line,2.0,95.0,20.0,98.0,shallow_target_channel
85,ch3409,3409,409,ring53andring54,line,2.0,95.0,40.0,98.0,shallow_target_channel
86,ch3410,3410,410,ring53andring54,line,2.0,95.0,60.0,98.0,shallow_target_channel
87,ch3411,3411,411,ring53andring54,line,2.0,95.0,80.0,98.0,shallow_target_channel
88,ch3412,3412,412,ring54,ring,2.0,112.0,120.0,84.0,shallow_target_channel
89,ch3413,3413,413,ring54,ring,2.0,112.0,120.0,84.0,shallow_target_channel
90,ch3414,3414,414,ring54,ring,2.0,112.0,120.0,84.0,shallow_target_channel
91,ch3415,3415,415,ring54,ring,2.0,112.0,120.0,84.0,shallow_target_channel
92,ch3416,3416,416,ring54,ring,2.0,112.0,120.0,84.0,shallow_target_channel
93,ch3417,3417,417,ring54,ring,2.0,112.0,120.0,84.0,shallow_target_channel
94,ch3418,3418,418,ring54,ring,2.0,112.0,120.0,84.0,shallow_target_channel
95,ch3419,3419,419,ring54,ring,2.0,112.0,120.0,84.0,shallow_target_channel
96,ch3420,3420,420,ring54,ring,2.0,112.0,120.0,84.0,shallow_target_channel
97,ch3421,3421,421,ring54,ring,2.0,112.0,120.0,84.0,shallow_target_channel
98,ch3422,3422,422,ring54,ring,2.0,112.0,120.0,84.0,shallow_target_channel
99,ch3423,3423,423,ring54,ring,2.0,112.0,120.0,84.0,shallow_target_channel
100,ch3424,3424,424,ring54andring55,line,2.0,123.0,120.0,84.0,shallow_target_channel
101,ch3425,3425,425,ring54andring55,line,2.0,123.0,100.0,74.0,shallow_target_channel
102,ch3426,3426,426,ring54andring55,line,2.0,123.0,80.0,74.0,shallow_target_channel
103,ch3427,3427,427,ring54andring55,line,2.0,123.0,60.0,74.0,shallow_target_channel
104,ch3428,3428,428,ring54andring55,line,2.0,123.0,40.0,74.0,shallow_target_channel
105,ch3429,3429,429,ring55,ring,2.0,124.0,20.0,66.0,shallow_target_channel
106,ch3430,3430,430,ring55,ring,2.0,124.0,20.0,66.0,shallow_target_channel
107,ch3431,3431,431,ring55,ring,2.0,124.0,20.0,66.0,shallow_target_channel
108,ch3432,3432,432,ring55,ring,2.0,124.0,20.0,66.0,shallow_target_channel
109,ch3433,3433,433,ring55,ring,2.0,124.0,20.0,66.0,shallow_target_channel
110,ch3434,3434,434,ring55,ring,2.0,124.0,20.0,66.0,shallow_target_channel
111,ch3435,3435,435,ring55,ring,2.0,124.0,20.0,66.0,shallow_target_channel
112,ch3436,3436,436,ring55,ring,2.0,124.0,20.0,66.0,shallow_target_channel
113,ch3437,3437,437,ring55,ring,2.0,124.0,20.0,66.0,shallow_target_channel
114,ch3438,3438,438,ring55,ring,2.0,124.0,20.0,66.0,shallow_target_channel
115,ch3439,3439,439,ring55,ring,2.0,124.0,20.0,66.0,shallow_target_channel
116,ch3440,3440,440,ring55,ring,2.0,124.0,20.0,66.0,shallow_target_channel
117,ch3441,3441,441,ring55andring56,line,2.0,135.0,20.0,66.0,shallow_target_channel
118,ch3442,3442,442,ring55andring56,line,2.0,135.0,40.0,58.0,shallow_target_channel
119,ch3443,3443,443,ring55andring56,line,2.0,135.0,60.0,58.0,shallow_target_channel
120,ch3444,3444,444,ring55andring56,line,2.0,135.0,80.0,58.0,shallow_target_channel
121,ch3445,3445,445,ring55andring56,line,2.0,135.0,100.0,58.0,shallow_target_channel
122,ch3446,3446,446,ring56,ring,2.0,136.0,120.0,50.0,shallow_target_channel
123,ch3447,3447,447,ring56,ring,2.0,136.0,120.0,50.0,shallow_target_channel
124,ch3448,3448,448,ring56,ring,2.0,136.0,120.0,50.0,shallow_target_channel
125,ch3449,3449,449,ring56,ring,2.0,136.0,120.0,50.0,shallow_target_channel
126,ch3450,3450,450,ring56,ring,2.0,136.0,120.0,50.0,shallow_target_channel
127,ch3451,3451,451,ring56,ring,2.0,136.0,120.0,50.0,shallow_target_channel
128,ch3452,3452,452,ring56,ring,2.0,136.0,120.0,50.0,shallow_target_channel
129,ch3453,3453,453,ring56,ring,2.0,136.0,120.0,50.0,shallow_target_channel
130,ch3454,3454,454,ring56,ring,2.0,136.0,120.0,50.0,shallow_target_channel
131,ch3455,3455,455,ring56,ring,2.0,136.0,120.0,50.0,shallow_target_channel
132,ch3456,3456,456,ring56,ring,2.0,136.0,120.0,50.0,shallow_target_channel
133,ch3457,3457,457,ring56,ring,2.0,136.0,120.0,50.0,shallow_target_channel
134,ch3458,3458,458,ring56andring57,line,2.0,147.0,120.0,50.0,shallow_target_channel
135,ch3459,3459,459,ring56andring57,line,2.0,147.0,100.0,42.0,shallow_target_channel
136,ch3460,3460,460,ring56andring57,line,2.0,147.0,80.0,42.0,shallow_target_channel
137,ch3461,3461,461,ring56andring57,line,2.0,147.0,60.0,42.0,shallow_target_channel
138,ch3462,3462,462,ring56andring57,line,2.0,147.0,40.0,42.0,shallow_target_channel
139,ch3463,3463,463,ring57,ring,2.0,148.0,20.0,34.0,shallow_target_channel
140,ch3464,3464,464,ring57,ring,2.0,148.0,20.0,34.0,shallow_target_channel
141,ch3465,3465,465,ring57,ring,2.0,148.0,20.0,34.0,shallow_target_channel
142,ch3466,3466,466,ring57,ring,2.0,148.0,20.0,34.0,shallow_target_channel
143,ch3467,3467,467,ring57,ring,2.0,148.0,20.0,34.0,shallow_target_channel
144,ch3468,3468,468,ring57,ring,2.0,148.0,20.0,34.0,shallow_target_channel
145,ch3469,3469,469,ring57,ring,2.0,148.0,20.0,34.0,shallow_target_channel
146,ch3470,3470,470,ring57,ring,2.0,148.0,20.0,34.0,shallow_target_channel
147,ch3471,3471,471,ring57,ring,2.0,148.0,20.0,34.0,shallow_target_channel
148,ch3472,3472,472,ring57,ring,2.0,148.0,20.0,34.0,shallow_target_channel
149,ch3473,3473,473,ring57,ring,2.0,148.0,20.0,34.0,shallow_target_channel
150,ch3474,3474,474,ring57,ring,2.0,148.0,20.0,34.0,shallow_target_channel
151,ch3475,3475,475,ring57andring58,line,2.0,159.0,20.0,34.0,shallow_target_channel
152,ch3476,3476,476,ring57andring58,line,2.0,159.0,40.0,26.0,shallow_target_channel
153,ch3477,3477,477,ring57andring58,line,2.0,159.0,60.0,26.0,shallow_target_channel
154,ch3478,3478,478,ring57andring58,line,2.0,159.0,80.0,26.0,shallow_target_channel
155,ch3479,3479,479,ring57andring58,line,2.0,159.0,100.0,26.0,shallow_target_channel
156,ch3480,3480,480,ring58,ring,2.0,160.0,120.0,18.0,shallow_target_channel
157,ch3481,3481,481,ring58,ring,2.0,160.0,120.0,18.0,shallow_target_channel
158,ch3482,3482,482,ring58,ring,2.0,160.0,120.0,18.0,shallow_target_channel
159,ch3483,3483,483,ring58,ring,2.0,160.0,120.0,18.0,shallow_target_channel
160,ch3484,3484,484,ring58,ring,2.0,160.0,120.0,18.0,shallow_target_channel
161,ch3485,3485,485,ring58,ring,2.0,160.0,120.0,18.0,shallow_target_channel
162,ch3486,3486,486,ring58,ring,2.0,160.0,120.0,18.0,shallow_target_channel
163,ch3487,3487,487,ring58,ring,2.0,160.0,120.0,18.0,shallow_target_channel
164,ch3488,3488,488,ring58,ring,2.0,160.0,120.0,18.0,shallow_target_channel
165,ch3489,3489,489,ring58,ring,2.0,160.0,120.0,18.0,shallow_target_channel
166,ch3490,3490,490,ring58,ring,2.0,160.0,120.0,18.0,shallow_target_channel
167,ch3491,3491,491,ring58,ring,2.0,160.0,120.0,18.0,shallow_target_channel
168,ch3492,3492,492,andring58,line,2.0,171.0,120.0,18.0,shallow_target_channel
169,ch3493,3493,493,andring58,line,2.0,171.0,100.0,10.0,shallow_target_channel
170,ch3494,3494,494,andring58,line,2.0,171.0,80.0,10.0,shallow_target_channel
171,ch3495,3495,495,andring58,line,2.0,171.0,60.0,10.0,shallow_target_channel
172,ring01,3081,81,ring01,ring,80.0,150.0,121.6,20.0,deep_ring_unit
173,ring02,3086,86,ring02,ring,80.0,150.0,87.2,20.0,deep_ring_unit
174,ring03,3091,91,ring03,ring,80.0,150.0,52.8,20.0,deep_ring_unit
175,ring04,3096,96,ring04,ring,80.0,150.0,18.4,20.0,deep_ring_unit
176,ring05,3101,101,ring05,ring,80.0,120.0,18.4,20.0,deep_ring_unit
177,ring06,3106,106,ring06,ring,80.0,120.0,52.8,20.0,deep_ring_unit
178,ring07,3111,111,ring07,ring,80.0,120.0,87.2,20.0,deep_ring_unit
179,ring08,3116,116,ring08,ring,80.0,120.0,121.6,20.0,deep_ring_unit
180,ring09,3121,121,ring09,ring,80.0,90.0,121.6,20.0,deep_ring_unit
181,ring10,3126,126,ring10,ring,80.0,90.0,87.2,20.0,deep_ring_unit
182,ring11,3131,131,ring11,ring,80.0,90.0,52.8,20.0,deep_ring_unit
183,ring12,3136,136,ring12,ring,80.0,90.0,18.4,20.0,deep_ring_unit
184,ring13,3141,141,ring13,ring,80.0,60.0,18.4,20.0,deep_ring_unit
185,ring14,3146,146,ring14,ring,80.0,60.0,52.8,20.0,deep_ring_unit
186,ring15,3151,151,ring15,ring,80.0,60.0,87.2,20.0,deep_ring_unit
187,ring16,3156,156,ring16,ring,80.0,60.0,121.6,20.0,deep_ring_unit
188,ring17,3161,161,ring17,ring,80.0,30.0,121.6,20.0,deep_ring_unit
189,ring18,3166,166,ring18,ring,80.0,30.0,87.2,20.0,deep_ring_unit
190,ring19,3171,171,ring19,ring,80.0,30.0,52.8,20.0,deep_ring_unit
191,ring20,3176,176,ring20,ring,80.0,30.0,18.4,20.0,deep_ring_unit
192,ring21,3181,181,ring21,ring,50.0,120.0,18.4,50.0,deep_ring_unit
193,ring22,3186,186,ring22,ring,50.0,120.0,52.8,50.0,deep_ring_unit
194,ring23,3191,191,ring23,ring,50.0,120.0,87.2,50.0,deep_ring_unit
195,ring24,3196,196,ring24,ring,50.0,120.0,121.6,50.0,deep_ring_unit
196,ring25,3201,201,ring25,ring,50.0,90.0,121.6,50.0,deep_ring_unit
197,ring26,3206,206,ring26,ring,50.0,90.0,87.2,50.0,deep_ring_unit
198,ring27,3211,211,ring27,ring,50.0,90.0,52.8,50.0,deep_ring_unit
199,ring28,3216,216,ring28,ring,50.0,90.0,18.4,50.0,deep_ring_unit
200,ring29,3221,221,ring29,ring,50.0,60.0,18.4,50.0,deep_ring_unit
201,ring30,3226,226,ring30,ring,50.0,60.0,52.8,50.0,deep_ring_unit
202,ring31,3231,231,ring31,ring,50.0,60.0,87.2,50.0,deep_ring_unit
203,ring32,3236,236,ring32,ring,50.0,60.0,121.6,50.0,deep_ring_unit
204,ring33,3241,241,ring33,ring,50.0,30.0,121.6,50.0,deep_ring_unit
205,ring34,3246,246,ring34,ring,50.0,30.0,87.2,50.0,deep_ring_unit
206,ring35,3251,251,ring35,ring,50.0,30.0,52.8,50.0,deep_ring_unit
207,ring36,3256,256,ring36,ring,50.0,30.0,18.4,50.0,deep_ring_unit
208,ring37,3263,263,ring37,ring,20.0,90.0,18.4,80.0,deep_ring_unit
209,ring38,3268,268,ring38,ring,20.0,90.0,52.8,80.0,deep_ring_unit
210,ring39,3273,273,ring39,ring,20.0,90.0,87.2,80.0,deep_ring_unit
211,ring40,3278,278,ring40,ring,20.0,90.0,121.6,80.0,deep_ring_unit
212,ring41,3283,283,ring41,ring,20.0,60.0,121.6,80.0,deep_ring_unit
213,ring42,3288,288,ring42,ring,20.0,60.0,87.2,80.0,deep_ring_unit
214,ring43,3293,293,ring43,ring,20.0,60.0,52.8,80.0,deep_ring_unit
215,ring44,3298,298,ring44,ring,20.0,60.0,18.4,80.0,deep_ring_unit
216,ring45,3303,303,ring45,ring,20.0,30.0,18.4,80.0,deep_ring_unit
217,ring46,3308,308,ring46,ring,20.0,30.0,52.8,80.0,deep_ring_unit
218,ring47,3313,313,ring47,ring,20.0,30.0,87.2,80.0,deep_ring_unit
219,ring48,3318,318,ring48,ring,20.0,30.0,121.6,80.0,deep_ring_unit
220,control01,3000,0,control01,control,,,,,leadin_control
221,control02,3017,17,control02,control,,,,,leadin_control
222,control03,3026,26,control03,control,,,,,leadin_control
223,control04,3043,43,control04,control,,,,,leadin_control
224,control05,3051,51,control05,control,,,,,leadin_control
225,control06,3068,68,control06,control,,,,,leadin_control
226,control07,3077,77,control07,control,,,,,leadin_control
227,control08,3500,500,control08,control,,,,,leadin_control
