file,distribution,bytes,rows
.gitignore,github_and_zenodo,111,
data/catalogs/README.md,github_and_zenodo,627,
data/coordinates/S1_coordinates.xlsx,github_and_zenodo,23680,
data/coordinates/S2_S4_coordinates.xlsx,github_and_zenodo,23693,
data/coordinates/supplied_layout/S1_coordinates.xlsx,github_and_zenodo,23720,
data/coordinates/supplied_layout/S2_S4_coordinates.xlsx,github_and_zenodo,23713,
data/cumulative/S1_activity_04B_effective_1min.csv,github_and_zenodo,30664,513
data/cumulative/S2_activity_04B_effective_1min.csv,github_and_zenodo,44588,701
data/cumulative/S4_activity_04B_effective_1min.csv,github_and_zenodo,45815,691
data/events/S1_event_activity_04B_effective.csv,github_and_zenodo,1011326,2279
data/events/S1_event_activity_04B_effective_plus_uncertain.csv,github_and_zenodo,2053262,4613
data/events/S1_event_activity_original_figure_effective_plus_uncertain.csv,github_and_zenodo,3521086,7932
data/events/S2_event_activity_04B_effective.csv,github_and_zenodo,567065,1282
data/events/S2_event_activity_04B_effective_plus_uncertain.csv,github_and_zenodo,918312,2076
data/events/S4_event_activity_04B_effective.csv,github_and_zenodo,12254025,27743
data/events/S4_event_activity_04B_effective_plus_uncertain.csv,github_and_zenodo,17402069,39345
data/hydrology/earth_pressure.xlsx,github_and_zenodo,4457945,
data/hydrology/matric_suction.xlsx,github_and_zenodo,237445,
data/hydrology/pore_water_pressure.xlsx,github_and_zenodo,3359453,
data/hydrology/rainfall_intensity.xlsx,github_and_zenodo,9699,
data/hydrology/water_content.xlsx,github_and_zenodo,477679,
data/screening_inputs/S1/monitoring_channel_layout.csv,github_and_zenodo,17026,228
data/screening_inputs/S1/rainfall_stage_blocks.csv,github_and_zenodo,109182,120
data/screening_inputs/S2/S2_background_reference_windows.csv,github_and_zenodo,564,3
data/screening_inputs/S2/S2_hydraulic_stage_blocks.csv,github_and_zenodo,866,8
data/screening_inputs/S2/S2_known_nuisance_intervals.csv,github_and_zenodo,1439,15
data/screening_inputs/S2/S2_monitoring_channel_layout.csv,github_and_zenodo,22011,398
data/screening_inputs/S2/S2_screening_configuration.json,github_and_zenodo,3011,
data/screening_inputs/S4/S4_background_reference_windows.csv,github_and_zenodo,404,2
data/screening_inputs/S4/S4_known_nuisance_intervals.csv,github_and_zenodo,2478,26
data/screening_inputs/S4/S4_monitoring_channel_layout.csv,github_and_zenodo,22011,398
data/screening_inputs/S4/S4_process_stage_blocks.csv,github_and_zenodo,932,8
data/screening_inputs/S4/S4_screening_configuration.json,github_and_zenodo,5399,
data/spatial_scan_04B/run_status.json,github_and_zenodo,490,
data/spatial_scan_04B/S1/01_all_coordinate_nodes.csv,github_and_zenodo,35325,
data/spatial_scan_04B/S1/02_selected_nodes.csv,github_and_zenodo,22224,
data/spatial_scan_04B/S1/03_geometric_edges.csv,github_and_zenodo,52168,
data/spatial_scan_04B/S1/04_permutation_groups.csv,github_and_zenodo,3622,
data/spatial_scan_04B/S1/05_selected_source_records.csv,github_and_zenodo,2140464,
data/spatial_scan_04B/S1/06_merged_local_records.csv,github_and_zenodo,436209,
data/spatial_scan_04B/S1/07_merge_membership.csv,github_and_zenodo,135595,
data/spatial_scan_04B/S1/08_all_scan_windows.csv,github_and_zenodo,892137,
data/spatial_scan_04B/S1/09_detected_episodes.csv,github_and_zenodo,257,
data/spatial_scan_04B/S1/10_maximum_null_distribution.csv,github_and_zenodo,151194,
data/spatial_scan_04B/S1/11_reproducibility_arrays.npz,github_and_zenodo,505410,
data/spatial_scan_04B/S1/12_strongest_window_node_event_counts.csv,github_and_zenodo,22475,
data/spatial_scan_04B/S1/manifest.json,github_and_zenodo,5011,
data/spatial_scan_04B/S2/01_all_coordinate_nodes.csv,github_and_zenodo,35434,
data/spatial_scan_04B/S2/02_selected_nodes.csv,github_and_zenodo,22330,
data/spatial_scan_04B/S2/03_geometric_edges.csv,github_and_zenodo,53080,
data/spatial_scan_04B/S2/04_permutation_groups.csv,github_and_zenodo,3688,
data/spatial_scan_04B/S2/05_selected_source_records.csv,github_and_zenodo,968320,
data/spatial_scan_04B/S2/06_merged_local_records.csv,github_and_zenodo,235398,
data/spatial_scan_04B/S2/07_merge_membership.csv,github_and_zenodo,61893,
data/spatial_scan_04B/S2/08_all_scan_windows.csv,github_and_zenodo,1244129,
data/spatial_scan_04B/S2/09_detected_episodes.csv,github_and_zenodo,475,
data/spatial_scan_04B/S2/10_maximum_null_distribution.csv,github_and_zenodo,150996,
data/spatial_scan_04B/S2/11_reproducibility_arrays.npz,github_and_zenodo,502364,
data/spatial_scan_04B/S2/12_strongest_window_node_event_counts.csv,github_and_zenodo,22583,
data/spatial_scan_04B/S2/manifest.json,github_and_zenodo,5037,
data/spatial_scan_04B/S4/01_all_coordinate_nodes.csv,github_and_zenodo,35434,
data/spatial_scan_04B/S4/02_selected_nodes.csv,github_and_zenodo,22330,
data/spatial_scan_04B/S4/03_geometric_edges.csv,github_and_zenodo,53080,
data/spatial_scan_04B/S4/04_permutation_groups.csv,github_and_zenodo,3711,
data/spatial_scan_04B/S4/05_selected_source_records.csv,github_and_zenodo,18302799,
data/spatial_scan_04B/S4/06_merged_local_records.csv,github_and_zenodo,2117549,
data/spatial_scan_04B/S4/07_merge_membership.csv,github_and_zenodo,1174085,
data/spatial_scan_04B/S4/08_all_scan_windows.csv,github_and_zenodo,1418735,
data/spatial_scan_04B/S4/09_detected_episodes.csv,github_and_zenodo,1132,
data/spatial_scan_04B/S4/10_maximum_null_distribution.csv,github_and_zenodo,151145,
data/spatial_scan_04B/S4/11_reproducibility_arrays.npz,github_and_zenodo,587377,
data/spatial_scan_04B/S4/12_strongest_window_node_event_counts.csv,github_and_zenodo,22583,
data/spatial_scan_04B/S4/manifest.json,github_and_zenodo,5047,
data/spatial_scan_04B/study_detected_episodes.csv,github_and_zenodo,1376,
data/spatial_scan_04B/study_summary.csv,github_and_zenodo,1404,
data/spatial_scan_original_figure/S1/01_all_coordinate_nodes.csv,github_and_zenodo,35139,182
data/spatial_scan_original_figure/S1/02_selected_nodes.csv,github_and_zenodo,22102,112
data/spatial_scan_original_figure/S1/03_geometric_edges.csv,github_and_zenodo,51400,764
data/spatial_scan_original_figure/S1/04_permutation_groups.csv,github_and_zenodo,3589,24
data/spatial_scan_original_figure/S1/05_selected_source_records.csv,github_and_zenodo,3706559,7889
data/spatial_scan_original_figure/S1/06_merged_local_records.csv,github_and_zenodo,674243,4395
data/spatial_scan_original_figure/S1/07_merge_membership.csv,github_and_zenodo,228089,7889
data/spatial_scan_original_figure/S1/08_all_scan_windows.csv,github_and_zenodo,958487,3463
data/spatial_scan_original_figure/S1/09_detected_episodes.csv,github_and_zenodo,473,1
data/spatial_scan_original_figure/S1/10_maximum_null_distribution.csv,github_and_zenodo,146009,5001
data/spatial_scan_original_figure/S1/11_reproducibility_arrays.npz,github_and_zenodo,516314,
data/spatial_scan_original_figure/S1/12_strongest_window_node_event_counts.csv,github_and_zenodo,22353,112
data/spatial_scan_original_figure/S1/manifest.json,github_and_zenodo,5049,
data/spatial_scan_original_figure/S1/source_fingerprints.json,github_and_zenodo,296,
data/spatial_scan_original_figure/S2/01_all_coordinate_nodes.csv,github_and_zenodo,35247,183
data/spatial_scan_original_figure/S2/02_selected_nodes.csv,github_and_zenodo,22210,113
data/spatial_scan_original_figure/S2/03_geometric_edges.csv,github_and_zenodo,52298,778
data/spatial_scan_original_figure/S2/04_permutation_groups.csv,github_and_zenodo,3655,25
data/spatial_scan_original_figure/S2/05_selected_source_records.csv,github_and_zenodo,964370,2056
data/spatial_scan_original_figure/S2/06_merged_local_records.csv,github_and_zenodo,233260,1508
data/spatial_scan_original_figure/S2/07_merge_membership.csv,github_and_zenodo,59713,2056
data/spatial_scan_original_figure/S2/08_all_scan_windows.csv,github_and_zenodo,1239317,4765
data/spatial_scan_original_figure/S2/09_detected_episodes.csv,github_and_zenodo,471,1
data/spatial_scan_original_figure/S2/10_maximum_null_distribution.csv,github_and_zenodo,145953,5001
data/spatial_scan_original_figure/S2/11_reproducibility_arrays.npz,github_and_zenodo,502127,
data/spatial_scan_original_figure/S2/12_strongest_window_node_event_counts.csv,github_and_zenodo,22463,113
data/spatial_scan_original_figure/S2/manifest.json,github_and_zenodo,5049,
data/spatial_scan_original_figure/S2/source_fingerprints.json,github_and_zenodo,296,
data/spatial_scan_original_figure/S4/01_all_coordinate_nodes.csv,github_and_zenodo,35247,183
data/spatial_scan_original_figure/S4/02_selected_nodes.csv,github_and_zenodo,22210,113
data/spatial_scan_original_figure/S4/03_geometric_edges.csv,github_and_zenodo,52298,778
data/spatial_scan_original_figure/S4/04_permutation_groups.csv,github_and_zenodo,3676,25
data/spatial_scan_original_figure/S4/05_selected_source_records.csv,github_and_zenodo,18229954,39028
data/spatial_scan_original_figure/S4/06_merged_local_records.csv,github_and_zenodo,2097605,13718
data/spatial_scan_original_figure/S4/07_merge_membership.csv,github_and_zenodo,1132909,39028
data/spatial_scan_original_figure/S4/08_all_scan_windows.csv,github_and_zenodo,1414202,4709
data/spatial_scan_original_figure/S4/09_detected_episodes.csv,github_and_zenodo,1131,4
data/spatial_scan_original_figure/S4/10_maximum_null_distribution.csv,github_and_zenodo,146269,5001
data/spatial_scan_original_figure/S4/11_reproducibility_arrays.npz,github_and_zenodo,586830,
data/spatial_scan_original_figure/S4/12_strongest_window_node_event_counts.csv,github_and_zenodo,22463,113
data/spatial_scan_original_figure/S4/manifest.json,github_and_zenodo,5061,
data/spatial_scan_original_figure/S4/source_fingerprints.json,github_and_zenodo,296,
data/spatial_scan_original_figure/study_detected_episodes.csv,github_and_zenodo,1598,6
data/spatial_scan_original_figure/study_summary.csv,github_and_zenodo,1428,3
docs/analysis_datasets.md,github_and_zenodo,3939,
docs/code_integrity.json,github_and_zenodo,2212,
docs/data_dictionary.md,github_and_zenodo,3783,
docs/data_integrity.json,github_and_zenodo,47899,
docs/environment.json,github_and_zenodo,238,
docs/validation_summary.json,github_and_zenodo,4858,
README.md,github_and_zenodo,8094,
requirements-tested.txt,github_and_zenodo,146,
requirements.txt,github_and_zenodo,142,
scripts/calculate_event_activity.py,github_and_zenodo,34766,
scripts/das_quality_control.py,github_and_zenodo,28567,
scripts/embedded_sources/das_quality_control_quality_core.py,github_and_zenodo,34456,
scripts/embedded_sources/das_quality_control_quality_reporting.py,github_and_zenodo,28528,
scripts/embedded_sources/s4_s2_core_s1_detection_core.py,github_and_zenodo,100433,
scripts/embedded_sources/s4_s2_core_screening_refiner.py,github_and_zenodo,72712,
scripts/embedded_sources/screen_events_s2_s1_detection_core.py,github_and_zenodo,100433,
scripts/embedded_sources/screen_events_s2_screening_refiner.py,github_and_zenodo,72712,
scripts/embedded_sources/screen_events_s4_s4_s2_core.py,github_and_zenodo,100982,
scripts/organization_plots.py,github_and_zenodo,14396,
scripts/preprocess_das.py,github_and_zenodo,11982,
scripts/reproduce_archived_scan.py,github_and_zenodo,4656,
scripts/reproduce_cumulative_activity.py,github_and_zenodo,2950,
scripts/scan_original_figure.py,github_and_zenodo,1022,
scripts/scan_spatial_organization.py,github_and_zenodo,37985,
scripts/screen_events_s1.py,github_and_zenodo,100463,
scripts/screen_events_s2.py,github_and_zenodo,112281,
scripts/screen_events_s4.py,github_and_zenodo,104482,
scripts/screening_features.py,github_and_zenodo,72737,
scripts/verify_checksums.py,github_and_zenodo,985,
tests/test_activity.py,github_and_zenodo,3044,
tests/test_spatial_scan.py,github_and_zenodo,6092,
data/catalogs/S1_activity_catalog_04B.csv.gz,zenodo_full_catalogs,51054035,324088
data/catalogs/S1_screening_catalog_04B.csv.gz,zenodo_full_catalogs,51046352,324088
data/catalogs/S2_activity_catalog_04B.csv.gz,zenodo_full_catalogs,67057173,390126
data/catalogs/S2_screening_catalog_04B.csv.gz,zenodo_full_catalogs,67048595,390126
data/catalogs/S4_activity_catalog_04B.csv.gz,zenodo_full_catalogs,69807663,425178
data/catalogs/S4_screening_catalog_04B.csv.gz,zenodo_full_catalogs,69794507,425178
